scheduler,scheduler_family,variant,scenario,run_tag,makespan,total_energy,total_carbon,green_ratio,green_energy,brown_energy,avg_utilization,flowtime_sum,n_tasks,unfinished_tasks,scheduler_wallclock_s,scheduler_calls,dispatch_count,event_count,recluster_count,decision_budget_ms,candidate_cap,frontier_cap,task_release_random,task_release_T,w1,w2,w3,w4,workflow,family,instance,instance_scale_tag,seed,trace_path,success
HEFT,anchor,full,dynamic,,100.02646153846152,49.949790475176286,21.79552910878165,0.2273024810939516,11.353711305130602,38.596079170045634,0.0307789327445916,5069.551456730771,81,0,0.0120747999972081,81,81,121,0,0.0,0,0,True,100,0.7,0.2,0.1,0.0,epigenomics/chameleon-cloud,epigenomics/chameleon-cloud,epigenomics-chameleon-hep-1seq-100k-001,medium,1,,1
HEFT,anchor,full,dynamic,,98.86826923076924,49.765302619134616,21.333434524490382,0.2426382076781446,12.074963832067304,37.69033878706724,0.0294670915067639,5168.71283942308,81,0,0.0115810999996028,81,81,113,0,0.0,0,0,True,100,0.7,0.2,0.1,0.0,epigenomics/chameleon-cloud,epigenomics/chameleon-cloud,epigenomics-chameleon-hep-1seq-100k-001,medium,2,,1
HEFT,anchor,full,dynamic,,101.20561538461536,49.75206911857372,21.396689157177484,0.2398673648654521,11.933897716076114,37.81817140249757,0.0286090389512945,5414.499166987185,81,0,0.0121893000032287,81,81,119,0,0.0,0,0,True,100,0.7,0.2,0.1,0.0,epigenomics/chameleon-cloud,epigenomics/chameleon-cloud,epigenomics-chameleon-hep-1seq-100k-001,medium,3,,1
HEFT,anchor,full,dynamic,,100.02646153846152,49.949790475176286,21.79552910878165,0.2273024810939516,11.353711305130602,38.596079170045634,0.0307789327445916,5069.551456730771,81,0,0.0123435000059544,81,81,121,0,0.0,0,0,True,100,0.55,0.25,0.2,0.0,epigenomics/chameleon-cloud,epigenomics/chameleon-cloud,epigenomics-chameleon-hep-1seq-100k-001,medium,1,,1
HEFT,anchor,full,dynamic,,98.86826923076924,49.765302619134616,21.333434524490382,0.2426382076781446,12.074963832067304,37.69033878706724,0.0294670915067639,5168.71283942308,81,0,0.0114594999977271,81,81,113,0,0.0,0,0,True,100,0.55,0.25,0.2,0.0,epigenomics/chameleon-cloud,epigenomics/chameleon-cloud,epigenomics-chameleon-hep-1seq-100k-001,medium,2,,1
HEFT,anchor,full,dynamic,,101.20561538461536,49.75206911857372,21.396689157177484,0.2398673648654521,11.933897716076114,37.81817140249757,0.0286090389512945,5414.499166987185,81,0,0.0113658999980543,81,81,119,0,0.0,0,0,True,100,0.55,0.25,0.2,0.0,epigenomics/chameleon-cloud,epigenomics/chameleon-cloud,epigenomics-chameleon-hep-1seq-100k-001,medium,3,,1
HEFT,anchor,full,dynamic,,100.02646153846152,49.949790475176286,21.79552910878165,0.2273024810939516,11.353711305130602,38.596079170045634,0.0307789327445916,5069.551456730771,81,0,0.0119096999987959,81,81,121,0,0.0,0,0,True,100,0.5,0.3,0.2,0.0,epigenomics/chameleon-cloud,epigenomics/chameleon-cloud,epigenomics-chameleon-hep-1seq-100k-001,medium,1,,1
HEFT,anchor,full,dynamic,,98.86826923076924,49.765302619134616,21.333434524490382,0.2426382076781446,12.074963832067304,37.69033878706724,0.0294670915067639,5168.71283942308,81,0,0.0115287000007811,81,81,113,0,0.0,0,0,True,100,0.5,0.3,0.2,0.0,epigenomics/chameleon-cloud,epigenomics/chameleon-cloud,epigenomics-chameleon-hep-1seq-100k-001,medium,2,,1
HEFT,anchor,full,dynamic,,101.20561538461536,49.75206911857372,21.396689157177484,0.2398673648654521,11.933897716076114,37.81817140249757,0.0286090389512945,5414.499166987185,81,0,0.0121234000034746,81,81,119,0,0.0,0,0,True,100,0.5,0.3,0.2,0.0,epigenomics/chameleon-cloud,epigenomics/chameleon-cloud,epigenomics-chameleon-hep-1seq-100k-001,medium,3,,1
HEFT,anchor,full,dynamic,,100.02646153846152,49.949790475176286,21.79552910878165,0.2273024810939516,11.353711305130602,38.596079170045634,0.0307789327445916,5069.551456730771,81,0,0.0117917000025045,81,81,121,0,0.0,0,0,True,100,0.6,0.2,0.1,0.1,epigenomics/chameleon-cloud,epigenomics/chameleon-cloud,epigenomics-chameleon-hep-1seq-100k-001,medium,1,,1
HEFT,anchor,full,dynamic,,98.86826923076924,49.765302619134616,21.333434524490382,0.2426382076781446,12.074963832067304,37.69033878706724,0.0294670915067639,5168.71283942308,81,0,0.0110564999995403,81,81,113,0,0.0,0,0,True,100,0.6,0.2,0.1,0.1,epigenomics/chameleon-cloud,epigenomics/chameleon-cloud,epigenomics-chameleon-hep-1seq-100k-001,medium,2,,1
HEFT,anchor,full,dynamic,,101.20561538461536,49.75206911857372,21.396689157177484,0.2398673648654521,11.933897716076114,37.81817140249757,0.0286090389512945,5414.499166987185,81,0,0.0117761000001337,81,81,119,0,0.0,0,0,True,100,0.6,0.2,0.1,0.1,epigenomics/chameleon-cloud,epigenomics/chameleon-cloud,epigenomics-chameleon-hep-1seq-100k-001,medium,3,,1
HEFT,anchor,full,dynamic,,100.02646153846152,49.949790475176286,21.79552910878165,0.2273024810939516,11.353711305130602,38.596079170045634,0.0307789327445916,5069.551456730771,81,0,0.011867399996845,81,81,121,0,0.0,0,0,True,100,0.5,0.3,0.1,0.1,epigenomics/chameleon-cloud,epigenomics/chameleon-cloud,epigenomics-chameleon-hep-1seq-100k-001,medium,1,,1
HEFT,anchor,full,dynamic,,98.86826923076924,49.765302619134616,21.333434524490382,0.2426382076781446,12.074963832067304,37.69033878706724,0.0294670915067639,5168.71283942308,81,0,0.0116290000005392,81,81,113,0,0.0,0,0,True,100,0.5,0.3,0.1,0.1,epigenomics/chameleon-cloud,epigenomics/chameleon-cloud,epigenomics-chameleon-hep-1seq-100k-001,medium,2,,1
HEFT,anchor,full,dynamic,,101.20561538461536,49.75206911857372,21.396689157177484,0.2398673648654521,11.933897716076114,37.81817140249757,0.0286090389512945,5414.499166987185,81,0,0.0116333999976632,81,81,119,0,0.0,0,0,True,100,0.5,0.3,0.1,0.1,epigenomics/chameleon-cloud,epigenomics/chameleon-cloud,epigenomics-chameleon-hep-1seq-100k-001,medium,3,,1
HEFT,anchor,full,dynamic,,100.02646153846152,49.949790475176286,21.79552910878165,0.2273024810939516,11.353711305130602,38.596079170045634,0.0307789327445916,5069.551456730771,81,0,0.0120062999994843,81,81,121,0,0.0,0,0,True,100,0.45,0.25,0.2,0.1,epigenomics/chameleon-cloud,epigenomics/chameleon-cloud,epigenomics-chameleon-hep-1seq-100k-001,medium,1,,1
HEFT,anchor,full,dynamic,,98.86826923076924,49.765302619134616,21.333434524490382,0.2426382076781446,12.074963832067304,37.69033878706724,0.0294670915067639,5168.71283942308,81,0,0.0113942999960272,81,81,113,0,0.0,0,0,True,100,0.45,0.25,0.2,0.1,epigenomics/chameleon-cloud,epigenomics/chameleon-cloud,epigenomics-chameleon-hep-1seq-100k-001,medium,2,,1
HEFT,anchor,full,dynamic,,101.20561538461536,49.75206911857372,21.396689157177484,0.2398673648654521,11.933897716076114,37.81817140249757,0.0286090389512945,5414.499166987185,81,0,0.0119708000056562,81,81,119,0,0.0,0,0,True,100,0.45,0.25,0.2,0.1,epigenomics/chameleon-cloud,epigenomics/chameleon-cloud,epigenomics-chameleon-hep-1seq-100k-001,medium,3,,1
HEFT,anchor,full,dynamic,,100.02646153846152,49.949790475176286,21.79552910878165,0.2273024810939516,11.353711305130602,38.596079170045634,0.0307789327445916,5069.551456730771,81,0,0.0122615000000223,81,81,121,0,0.0,0,0,True,100,0.5,0.2,0.1,0.2,epigenomics/chameleon-cloud,epigenomics/chameleon-cloud,epigenomics-chameleon-hep-1seq-100k-001,medium,1,,1
HEFT,anchor,full,dynamic,,98.86826923076924,49.765302619134616,21.333434524490382,0.2426382076781446,12.074963832067304,37.69033878706724,0.0294670915067639,5168.71283942308,81,0,0.0113058999995701,81,81,113,0,0.0,0,0,True,100,0.5,0.2,0.1,0.2,epigenomics/chameleon-cloud,epigenomics/chameleon-cloud,epigenomics-chameleon-hep-1seq-100k-001,medium,2,,1
HEFT,anchor,full,dynamic,,101.20561538461536,49.75206911857372,21.396689157177484,0.2398673648654521,11.933897716076114,37.81817140249757,0.0286090389512945,5414.499166987185,81,0,0.0116579000023193,81,81,119,0,0.0,0,0,True,100,0.5,0.2,0.1,0.2,epigenomics/chameleon-cloud,epigenomics/chameleon-cloud,epigenomics-chameleon-hep-1seq-100k-001,medium,3,,1
HEFT,anchor,full,dynamic,,100.02646153846152,49.949790475176286,21.79552910878165,0.2273024810939516,11.353711305130602,38.596079170045634,0.0307789327445916,5069.551456730771,81,0,0.0122228999971412,81,81,121,0,0.0,0,0,True,100,0.4,0.3,0.1,0.2,epigenomics/chameleon-cloud,epigenomics/chameleon-cloud,epigenomics-chameleon-hep-1seq-100k-001,medium,1,,1
HEFT,anchor,full,dynamic,,98.86826923076924,49.765302619134616,21.333434524490382,0.2426382076781446,12.074963832067304,37.69033878706724,0.0294670915067639,5168.71283942308,81,0,0.0109794000018155,81,81,113,0,0.0,0,0,True,100,0.4,0.3,0.1,0.2,epigenomics/chameleon-cloud,epigenomics/chameleon-cloud,epigenomics-chameleon-hep-1seq-100k-001,medium,2,,1
HEFT,anchor,full,dynamic,,101.20561538461536,49.75206911857372,21.396689157177484,0.2398673648654521,11.933897716076114,37.81817140249757,0.0286090389512945,5414.499166987185,81,0,0.0124826999963261,81,81,119,0,0.0,0,0,True,100,0.4,0.3,0.1,0.2,epigenomics/chameleon-cloud,epigenomics/chameleon-cloud,epigenomics-chameleon-hep-1seq-100k-001,medium,3,,1
HEFT,anchor,full,dynamic,,100.02646153846152,49.949790475176286,21.79552910878165,0.2273024810939516,11.353711305130602,38.596079170045634,0.0307789327445916,5069.551456730771,81,0,0.0119829999966896,81,81,121,0,0.0,0,0,True,100,0.35,0.25,0.2,0.2,epigenomics/chameleon-cloud,epigenomics/chameleon-cloud,epigenomics-chameleon-hep-1seq-100k-001,medium,1,,1
HEFT,anchor,full,dynamic,,98.86826923076924,49.765302619134616,21.333434524490382,0.2426382076781446,12.074963832067304,37.69033878706724,0.0294670915067639,5168.71283942308,81,0,0.0115584999948623,81,81,113,0,0.0,0,0,True,100,0.35,0.25,0.2,0.2,epigenomics/chameleon-cloud,epigenomics/chameleon-cloud,epigenomics-chameleon-hep-1seq-100k-001,medium,2,,1
HEFT,anchor,full,dynamic,,101.20561538461536,49.75206911857372,21.396689157177484,0.2398673648654521,11.933897716076114,37.81817140249757,0.0286090389512945,5414.499166987185,81,0,0.0122578000009525,81,81,119,0,0.0,0,0,True,100,0.35,0.25,0.2,0.2,epigenomics/chameleon-cloud,epigenomics/chameleon-cloud,epigenomics-chameleon-hep-1seq-100k-001,medium,3,,1
HEFT,anchor,full,dynamic,,100.02646153846152,49.949790475176286,21.79552910878165,0.2273024810939516,11.353711305130602,38.596079170045634,0.0307789327445916,5069.551456730771,81,0,0.0126843000034568,81,81,121,0,0.0,0,0,True,100,0.5,0.3,0.2,0.2,epigenomics/chameleon-cloud,epigenomics/chameleon-cloud,epigenomics-chameleon-hep-1seq-100k-001,medium,1,,1
HEFT,anchor,full,dynamic,,98.86826923076924,49.765302619134616,21.333434524490382,0.2426382076781446,12.074963832067304,37.69033878706724,0.0294670915067639,5168.71283942308,81,0,0.0114188000006834,81,81,113,0,0.0,0,0,True,100,0.5,0.3,0.2,0.2,epigenomics/chameleon-cloud,epigenomics/chameleon-cloud,epigenomics-chameleon-hep-1seq-100k-001,medium,2,,1
HEFT,anchor,full,dynamic,,101.20561538461536,49.75206911857372,21.396689157177484,0.2398673648654521,11.933897716076114,37.81817140249757,0.0286090389512945,5414.499166987185,81,0,0.0121169000049121,81,81,119,0,0.0,0,0,True,100,0.5,0.3,0.2,0.2,epigenomics/chameleon-cloud,epigenomics/chameleon-cloud,epigenomics-chameleon-hep-1seq-100k-001,medium,3,,1
GREENHEFT,green_anchor,full,dynamic,,109.45159999999996,78.20644500000022,8.606445750000008,0.8799044375434759,68.81419799999998,9.39224700000002,0.0661601794765904,5649.360399999998,81,0,0.0103952999998,81,81,97,0,0.0,0,0,True,100,0.7,0.2,0.1,0.0,epigenomics/chameleon-cloud,epigenomics/chameleon-cloud,epigenomics-chameleon-hep-1seq-100k-001,medium,2,,1
GREENHEFT,green_anchor,full,dynamic,,109.45159999999996,78.20644500000022,8.606445750000008,0.8799044375434759,68.81419799999998,9.39224700000002,0.0661601794765904,5649.360399999998,81,0,0.009938900002453,81,81,97,0,0.0,0,0,True,100,0.55,0.25,0.2,0.0,epigenomics/chameleon-cloud,epigenomics/chameleon-cloud,epigenomics-chameleon-hep-1seq-100k-001,medium,2,,1
GREENHEFT,green_anchor,full,dynamic,,109.45159999999996,78.20644500000022,8.606445750000008,0.8799044375434759,68.81419799999998,9.39224700000002,0.0661601794765904,5649.360399999998,81,0,0.0102346999992732,81,81,97,0,0.0,0,0,True,100,0.5,0.3,0.2,0.0,epigenomics/chameleon-cloud,epigenomics/chameleon-cloud,epigenomics-chameleon-hep-1seq-100k-001,medium,2,,1
GREENHEFT,green_anchor,full,dynamic,,109.45159999999996,78.20644500000022,8.606445750000008,0.8799044375434759,68.81419799999998,9.39224700000002,0.0661601794765904,5649.360399999998,81,0,0.0101728999943588,81,81,97,0,0.0,0,0,True,100,0.6,0.2,0.1,0.1,epigenomics/chameleon-cloud,epigenomics/chameleon-cloud,epigenomics-chameleon-hep-1seq-100k-001,medium,2,,1
GREENHEFT,green_anchor,full,dynamic,,109.45159999999996,78.20644500000022,8.606445750000008,0.8799044375434759,68.81419799999998,9.39224700000002,0.0661601794765904,5649.360399999998,81,0,0.0097354000026825,81,81,97,0,0.0,0,0,True,100,0.5,0.3,0.1,0.1,epigenomics/chameleon-cloud,epigenomics/chameleon-cloud,epigenomics-chameleon-hep-1seq-100k-001,medium,2,,1
GREENHEFT,green_anchor,full,dynamic,,109.45159999999996,78.20644500000022,8.606445750000008,0.8799044375434759,68.81419799999998,9.39224700000002,0.0661601794765904,5649.360399999998,81,0,0.0096934999965014,81,81,97,0,0.0,0,0,True,100,0.45,0.25,0.2,0.1,epigenomics/chameleon-cloud,epigenomics/chameleon-cloud,epigenomics-chameleon-hep-1seq-100k-001,medium,2,,1
GREENHEFT,green_anchor,full,dynamic,,109.45159999999996,78.20644500000022,8.606445750000008,0.8799044375434759,68.81419799999998,9.39224700000002,0.0661601794765904,5649.360399999998,81,0,0.0105059999987133,81,81,97,0,0.0,0,0,True,100,0.5,0.2,0.1,0.2,epigenomics/chameleon-cloud,epigenomics/chameleon-cloud,epigenomics-chameleon-hep-1seq-100k-001,medium,2,,1
GREENHEFT,green_anchor,full,dynamic,,109.45159999999996,78.20644500000022,8.606445750000008,0.8799044375434759,68.81419799999998,9.39224700000002,0.0661601794765904,5649.360399999998,81,0,0.0099260999995749,81,81,97,0,0.0,0,0,True,100,0.4,0.3,0.1,0.2,epigenomics/chameleon-cloud,epigenomics/chameleon-cloud,epigenomics-chameleon-hep-1seq-100k-001,medium,2,,1
GREENHEFT,green_anchor,full,dynamic,,109.45159999999996,78.20644500000022,8.606445750000008,0.8799044375434759,68.81419799999998,9.39224700000002,0.0661601794765904,5649.360399999998,81,0,0.0102112000022316,81,81,97,0,0.0,0,0,True,100,0.35,0.25,0.2,0.2,epigenomics/chameleon-cloud,epigenomics/chameleon-cloud,epigenomics-chameleon-hep-1seq-100k-001,medium,2,,1
GREENHEFT,green_anchor,full,dynamic,,109.45159999999996,78.20644500000022,8.606445750000008,0.8799044375434759,68.81419799999998,9.39224700000002,0.0661601794765904,5649.360399999998,81,0,0.0100917000017943,81,81,97,0,0.0,0,0,True,100,0.5,0.3,0.2,0.2,epigenomics/chameleon-cloud,epigenomics/chameleon-cloud,epigenomics-chameleon-hep-1seq-100k-001,medium,2,,1
MOHEFT,mo_baseline,full,dynamic,,100.02646153846152,49.87783338166668,21.78841134271795,0.2263288773595123,11.288794034397428,38.58903934726919,0.030652831497537,5069.589158012823,81,0,0.0155467000004136,81,81,121,0,0.0,0,0,True,100,0.7,0.2,0.1,0.0,epigenomics/chameleon-cloud,epigenomics/chameleon-cloud,epigenomics-chameleon-hep-1seq-100k-001,medium,1,,1
MOHEFT,mo_baseline,full,dynamic,,100.02646153846152,50.2175805318109,21.93280388152925,0.2264890243911425,11.373730821933483,38.84384970987736,0.0314625739579936,5070.808165705131,81,0,0.0158970000047702,81,81,121,0,0.0,0,0,True,100,0.55,0.25,0.2,0.0,epigenomics/chameleon-cloud,epigenomics/chameleon-cloud,epigenomics-chameleon-hep-1seq-100k-001,medium,1,,1
MOHEFT,mo_baseline,full,dynamic,,100.02646153846152,50.2175805318109,21.93280388152925,0.2264890243911425,11.373730821933483,38.84384970987736,0.0314625739579936,5070.808165705131,81,0,0.0152234000051976,81,81,121,0,0.0,0,0,True,100,0.5,0.3,0.2,0.0,epigenomics/chameleon-cloud,epigenomics/chameleon-cloud,epigenomics-chameleon-hep-1seq-100k-001,medium,1,,1
MOHEFT,mo_baseline,full,dynamic,,100.02646153846152,49.93386240250001,21.69051442657212,0.2312302560642231,11.54621978960576,38.38764261289419,0.0307106078756851,5069.635391346156,81,0,0.0154571000020951,81,81,121,0,0.0,0,0,True,100,0.6,0.2,0.1,0.1,epigenomics/chameleon-cloud,epigenomics/chameleon-cloud,epigenomics-chameleon-hep-1seq-100k-001,medium,1,,1
MOHEFT,mo_baseline,full,dynamic,,100.02646153846152,49.862218455753215,21.78177499920473,0.2263214644758147,11.284890302919065,38.57732815283409,0.0306156153839547,5069.591011858977,81,0,0.0152683999986038,81,81,121,0,0.0,0,0,True,100,0.5,0.3,0.1,0.1,epigenomics/chameleon-cloud,epigenomics/chameleon-cloud,epigenomics-chameleon-hep-1seq-100k-001,medium,1,,1
MOHEFT,mo_baseline,full,dynamic,,100.02646153846152,50.2175805318109,21.93280388152925,0.2264890243911425,11.373730821933483,38.84384970987736,0.0314625739579936,5070.808165705131,81,0,0.0154155000054743,81,81,121,0,0.0,0,0,True,100,0.45,0.25,0.2,0.1,epigenomics/chameleon-cloud,epigenomics/chameleon-cloud,epigenomics-chameleon-hep-1seq-100k-001,medium,1,,1
MOHEFT,mo_baseline,full,dynamic,,98.8798076923077,49.50550554221154,21.25026714179808,0.2414988329458124,11.955521812836537,37.54998372937494,0.0301771758156269,5170.422852884617,81,0,0.0153218999985256,81,81,112,0,0.0,0,0,True,100,0.45,0.25,0.2,0.1,epigenomics/chameleon-cloud,epigenomics/chameleon-cloud,epigenomics-chameleon-hep-1seq-100k-001,medium,2,,1
MOHEFT,mo_baseline,full,dynamic,,100.02646153846152,49.95039252658655,21.666169104308896,0.2324925387612564,11.613093570627395,38.33729895595908,0.0307149432669354,5069.709495192311,81,0,0.0157489999983226,81,81,121,0,0.0,0,0,True,100,0.5,0.2,0.1,0.2,epigenomics/chameleon-cloud,epigenomics/chameleon-cloud,epigenomics-chameleon-hep-1seq-100k-001,medium,1,,1
MOHEFT,mo_baseline,full,dynamic,,100.02646153846152,49.914066959807705,21.681892337588945,0.2312311875909506,11.54168898061057,38.37237797919708,0.0306634280524999,5069.635118269233,81,0,0.0153462000016588,81,81,121,0,0.0,0,0,True,100,0.4,0.3,0.1,0.2,epigenomics/chameleon-cloud,epigenomics/chameleon-cloud,epigenomics-chameleon-hep-1seq-100k-001,medium,1,,1
MOHEFT,mo_baseline,full,dynamic,,100.02646153846152,50.27360955264424,21.83490696538341,0.2313571012831732,11.63115657714182,38.642452975502366,0.0315203503361418,5070.854399038464,81,0,0.0154177000003983,81,81,121,0,0.0,0,0,True,100,0.35,0.25,0.2,0.2,epigenomics/chameleon-cloud,epigenomics/chameleon-cloud,epigenomics-chameleon-hep-1seq-100k-001,medium,1,,1
MOHEFT,mo_baseline,full,dynamic,,98.8798076923077,49.50550554221154,21.25026714179808,0.2414988329458124,11.955521812836537,37.54998372937494,0.0301771758156269,5170.422852884617,81,0,0.0147425000031944,81,81,112,0,0.0,0,0,True,100,0.35,0.25,0.2,0.2,epigenomics/chameleon-cloud,epigenomics/chameleon-cloud,epigenomics-chameleon-hep-1seq-100k-001,medium,2,,1
MOHEFT,mo_baseline,full,dynamic,,100.02646153846152,50.27360955264424,21.83490696538341,0.2313571012831732,11.63115657714182,38.642452975502366,0.0315203503361418,5070.854399038464,81,0,0.0154197999945608,81,81,121,0,0.0,0,0,True,100,0.5,0.3,0.2,0.2,epigenomics/chameleon-cloud,epigenomics/chameleon-cloud,epigenomics-chameleon-hep-1seq-100k-001,medium,1,,1
ECDS,ecds,full,dynamic,,100.02646153846152,49.91680477729169,21.78092529418069,0.2273109169804333,11.34663466665945,38.57017011063216,0.030896313943336,5068.71336346154,81,0,2.652524299999641,81,81,121,1,0.0,0,0,True,100,0.7,0.2,0.1,0.0,epigenomics/chameleon-cloud,epigenomics/chameleon-cloud,epigenomics-chameleon-hep-1seq-100k-001,medium,1,,1
ECDS,ecds,full,dynamic,,98.86826923076924,49.69573852778849,21.16025684816827,0.2484075908707524,12.34479868423077,37.35093984355763,0.0307325197183509,5172.275491025643,81,0,2.607181600003969,81,81,111,1,0.0,0,0,True,100,0.7,0.2,0.1,0.0,epigenomics/chameleon-cloud,epigenomics/chameleon-cloud,epigenomics-chameleon-hep-1seq-100k-001,medium,2,,1
ECDS,ecds,full,dynamic,,100.02646153846152,49.91680477729169,21.78092529418069,0.2273109169804333,11.34663466665945,38.57017011063216,0.030896313943336,5068.71336346154,81,0,2.688241299998481,81,81,121,1,0.0,0,0,True,100,0.55,0.25,0.2,0.0,epigenomics/chameleon-cloud,epigenomics/chameleon-cloud,epigenomics-chameleon-hep-1seq-100k-001,medium,1,,1
ECDS,ecds,full,dynamic,,98.86826923076924,49.69573852778849,21.16025684816827,0.2484075908707524,12.34479868423077,37.35093984355763,0.0307325197183509,5172.275491025643,81,0,2.6010607999996864,81,81,111,1,0.0,0,0,True,100,0.55,0.25,0.2,0.0,epigenomics/chameleon-cloud,epigenomics/chameleon-cloud,epigenomics-chameleon-hep-1seq-100k-001,medium,2,,1
ECDS,ecds,full,dynamic,,100.02646153846152,49.91680477729169,21.78092529418069,0.2273109169804333,11.34663466665945,38.57017011063216,0.030896313943336,5068.71336346154,81,0,2.664502400002675,81,81,121,1,0.0,0,0,True,100,0.5,0.3,0.2,0.0,epigenomics/chameleon-cloud,epigenomics/chameleon-cloud,epigenomics-chameleon-hep-1seq-100k-001,medium,1,,1
ECDS,ecds,full,dynamic,,98.86826923076924,49.69573852778849,21.16025684816827,0.2484075908707524,12.34479868423077,37.35093984355763,0.0307325197183509,5172.275491025643,81,0,2.6868800000011106,81,81,111,1,0.0,0,0,True,100,0.5,0.3,0.2,0.0,epigenomics/chameleon-cloud,epigenomics/chameleon-cloud,epigenomics-chameleon-hep-1seq-100k-001,medium,2,,1
ECDS,ecds,full,dynamic,,101.142375,71.01639498687496,15.083603790753616,0.6752078433848611,47.9508269040553,23.065568082819706,0.0565121330616041,5123.563489423079,81,0,2.583788900003128,81,81,116,1,0.0,0,0,True,100,0.6,0.2,0.1,0.1,epigenomics/chameleon-cloud,epigenomics/chameleon-cloud,epigenomics-chameleon-hep-1seq-100k-001,medium,1,,1
ECDS,ecds,full,dynamic,,103.984,80.0125424755128,10.965293828451127,0.8259106262794494,66.08320906616183,13.929333409350964,0.0668962014866192,5318.981020512822,81,0,2.6518630999999004,81,81,103,1,0.0,0,0,True,100,0.6,0.2,0.1,0.1,epigenomics/chameleon-cloud,epigenomics/chameleon-cloud,epigenomics-chameleon-hep-1seq-100k-001,medium,2,,1
ECDS,ecds,full,dynamic,,106.7456,78.55540808993582,9.9902029194968,0.8456520648951563,66.4305430599359,12.124865029999995,0.0656899084731385,5571.148206730775,81,0,2.619141800001671,81,81,106,1,0.0,0,0,True,100,0.6,0.2,0.1,0.1,epigenomics/chameleon-cloud,epigenomics/chameleon-cloud,epigenomics-chameleon-hep-1seq-100k-001,medium,3,,1
ECDS,ecds,full,dynamic,,100.824375,65.73932044317306,15.722121739680295,0.6216828639635568,40.86900900812982,24.870311435043256,0.051404557795265,5119.659388141028,81,0,2.6209654999984195,81,81,116,1,0.0,0,0,True,100,0.5,0.3,0.1,0.1,epigenomics/chameleon-cloud,epigenomics/chameleon-cloud,epigenomics-chameleon-hep-1seq-100k-001,medium,1,,1
ECDS,ecds,full,dynamic,,102.6533,67.52303562802877,13.201980380770436,0.7089636593503431,47.871378429290864,19.65165719873797,0.0543091483788835,5279.79828846154,81,0,2.726577499997802,81,81,104,1,0.0,0,0,True,100,0.5,0.3,0.1,0.1,epigenomics/chameleon-cloud,epigenomics/chameleon-cloud,epigenomics-chameleon-hep-1seq-100k-001,medium,2,,1
ECDS,ecds,full,dynamic,,104.7346,69.89962034113778,12.27495988875762,0.748783217166247,52.33966259773638,17.55995774340143,0.0567626681588632,5487.432061217955,81,0,2.6158759000027203,81,81,110,1,0.0,0,0,True,100,0.5,0.3,0.1,0.1,epigenomics/chameleon-cloud,epigenomics/chameleon-cloud,epigenomics-chameleon-hep-1seq-100k-001,medium,3,,1
ECDS,ecds,full,dynamic,,101.142375,66.35023681937496,15.614337324566115,0.6293358977128314,41.75658585218029,24.593650967194705,0.0518965169560895,5119.712147756412,81,0,2.7078792000029352,81,81,116,1,0.0,0,0,True,100,0.45,0.25,0.2,0.1,epigenomics/chameleon-cloud,epigenomics/chameleon-cloud,epigenomics-chameleon-hep-1seq-100k-001,medium,1,,1
ECDS,ecds,full,dynamic,,103.984,79.64170738366984,10.987451126917875,0.8240779614634233,65.6309758682011,14.010731515468748,0.0665089732123482,5318.904729487181,81,0,2.7069501000005403,81,81,103,1,0.0,0,0,True,100,0.45,0.25,0.2,0.1,epigenomics/chameleon-cloud,epigenomics/chameleon-cloud,epigenomics-chameleon-hep-1seq-100k-001,medium,2,,1
ECDS,ecds,full,dynamic,,106.7456,78.1981506404967,10.03278389348518,0.8434009932125066,65.95239791757614,12.245752722920669,0.0653556718839356,5570.654447115391,81,0,2.7914318999974057,81,81,106,1,0.0,0,0,True,100,0.45,0.25,0.2,0.1,epigenomics/chameleon-cloud,epigenomics/chameleon-cloud,epigenomics-chameleon-hep-1seq-100k-001,medium,3,,1
ECDS,ecds,full,dynamic,,102.9752,75.30722949442304,14.74310420896155,0.7084544788610677,53.3517440259423,21.95548546848076,0.0605187747408338,5125.455102564104,81,0,2.6296351999990293,81,81,116,1,0.0,0,0,True,100,0.5,0.2,0.1,0.2,epigenomics/chameleon-cloud,epigenomics/chameleon-cloud,epigenomics-chameleon-hep-1seq-100k-001,medium,1,,1
ECDS,ecds,full,dynamic,,103.984,82.36667929195511,10.497614984573724,0.8451004441404243,69.60811725200315,12.758562039951926,0.0701295110336255,5321.843553525642,81,0,2.6817210000008345,81,81,102,1,0.0,0,0,True,100,0.5,0.2,0.1,0.2,epigenomics/chameleon-cloud,epigenomics/chameleon-cloud,epigenomics-chameleon-hep-1seq-100k-001,medium,2,,1
ECDS,ecds,full,dynamic,,106.7456,79.8903215507532,9.900059900344155,0.8521587168965192,68.07923390514019,11.811087645612972,0.0672279642721837,5573.4425868589815,81,0,2.604659600001469,81,81,106,1,0.0,0,0,True,100,0.5,0.2,0.1,0.2,epigenomics/chameleon-cloud,epigenomics/chameleon-cloud,epigenomics-chameleon-hep-1seq-100k-001,medium,3,,1
ECDS,ecds,full,dynamic,,102.9752,73.93143282413457,14.679787019088952,0.7028810356209741,51.96500206837019,21.96643075576442,0.0589450575142215,5121.657027564105,81,0,2.698607999998785,81,81,116,1,0.0,0,0,True,100,0.4,0.3,0.1,0.2,epigenomics/chameleon-cloud,epigenomics/chameleon-cloud,epigenomics-chameleon-hep-1seq-100k-001,medium,1,,1
ECDS,ecds,full,dynamic,,103.984,78.54577401469552,11.336877010103777,0.8113306946855549,63.72659739595752,14.81917661873798,0.0654072558561771,5300.542867307695,81,0,2.6570023000022047,81,81,103,1,0.0,0,0,True,100,0.4,0.3,0.1,0.2,epigenomics/chameleon-cloud,epigenomics/chameleon-cloud,epigenomics-chameleon-hep-1seq-100k-001,medium,2,,1
ECDS,ecds,full,dynamic,,106.7456,79.19149850604164,9.919368826341753,0.8494839973110249,67.2719107039623,11.91958780207932,0.0663910610445145,5572.772607371802,81,0,2.708914000002551,81,81,106,1,0.0,0,0,True,100,0.4,0.3,0.1,0.2,epigenomics/chameleon-cloud,epigenomics/chameleon-cloud,epigenomics-chameleon-hep-1seq-100k-001,medium,3,,1
ECDS,ecds,full,dynamic,,102.9752,73.93143282413457,14.679787019088952,0.7028810356209741,51.96500206837019,21.96643075576442,0.0589450575142215,5121.657027564105,81,0,2.7404826000056346,81,81,116,1,0.0,0,0,True,100,0.35,0.25,0.2,0.2,epigenomics/chameleon-cloud,epigenomics/chameleon-cloud,epigenomics-chameleon-hep-1seq-100k-001,medium,1,,1
ECDS,ecds,full,dynamic,,103.984,80.07085694738782,10.92121640313262,0.8272112021903641,66.23550983586135,13.835347111526444,0.0676649996510804,5302.473021153848,81,0,2.652436299998953,81,81,102,1,0.0,0,0,True,100,0.35,0.25,0.2,0.2,epigenomics/chameleon-cloud,epigenomics/chameleon-cloud,epigenomics-chameleon-hep-1seq-100k-001,medium,2,,1
ECDS,ecds,full,dynamic,,106.7456,79.19149850604164,9.919368826341753,0.8494839973110249,67.2719107039623,11.91958780207932,0.0663910610445145,5572.772607371802,81,0,2.6419923000066774,81,81,106,1,0.0,0,0,True,100,0.35,0.25,0.2,0.2,epigenomics/chameleon-cloud,epigenomics/chameleon-cloud,epigenomics-chameleon-hep-1seq-100k-001,medium,3,,1
ECDS,ecds,full,dynamic,,102.9752,73.93143282413457,14.679787019088952,0.7028810356209741,51.96500206837019,21.96643075576442,0.0589450575142215,5121.657027564105,81,0,2.7045157000029576,81,81,116,1,0.0,0,0,True,100,0.5,0.3,0.2,0.2,epigenomics/chameleon-cloud,epigenomics/chameleon-cloud,epigenomics-chameleon-hep-1seq-100k-001,medium,1,,1
ECDS,ecds,full,dynamic,,103.984,78.54577401469552,11.336877010103777,0.8113306946855549,63.72659739595752,14.81917661873798,0.0654072558561771,5300.542867307695,81,0,2.626787900000636,81,81,103,1,0.0,0,0,True,100,0.5,0.3,0.2,0.2,epigenomics/chameleon-cloud,epigenomics/chameleon-cloud,epigenomics-chameleon-hep-1seq-100k-001,medium,2,,1
ECDS,ecds,full,dynamic,,106.7456,79.19149850604164,9.919368826341753,0.8494839973110249,67.2719107039623,11.91958780207932,0.0663910610445145,5572.772607371802,81,0,2.5874231999987387,81,81,106,1,0.0,0,0,True,100,0.5,0.3,0.2,0.2,epigenomics/chameleon-cloud,epigenomics/chameleon-cloud,epigenomics-chameleon-hep-1seq-100k-001,medium,3,,1
HEFT,anchor,full,dynamic,,100.08092307692309,32.481650237035375,13.80163713152205,0.2501886738632786,8.12654099769473,24.35510923934055,0.0232301065310992,20155.65287788453,401,0,0.1994091000015032,401,401,500,0,0.0,0,0,True,100,0.7,0.2,0.1,0.0,seismology/chameleon-cloud,seismology/chameleon-cloud,seismology-chameleon-200p-001,medium,1,,1
HEFT,anchor,full,dynamic,,100.04246153846154,32.68420769956742,13.856814042763244,0.2520789385421343,8.239000383997611,24.44520731556972,0.0234696277843303,20006.937369230687,401,0,0.2022197999976924,401,401,502,0,0.0,0,0,True,100,0.7,0.2,0.1,0.0,seismology/chameleon-cloud,seismology/chameleon-cloud,seismology-chameleon-200p-001,medium,2,,1
HEFT,anchor,full,dynamic,,100.08733333333332,32.680928770961664,13.855124769032065,0.2520972450854606,8.238772109993603,24.442156660967967,0.023556820873232,19888.49982532044,401,0,0.1961852999957045,401,401,500,0,0.0,0,0,True,100,0.7,0.2,0.1,0.0,seismology/chameleon-cloud,seismology/chameleon-cloud,seismology-chameleon-200p-001,medium,3,,1
HEFT,anchor,full,dynamic,,100.08092307692309,32.481650237035375,13.80163713152205,0.2501886738632786,8.12654099769473,24.35510923934055,0.0232301065310992,20155.65287788453,401,0,0.1974488999985624,401,401,500,0,0.0,0,0,True,100,0.55,0.25,0.2,0.0,seismology/chameleon-cloud,seismology/chameleon-cloud,seismology-chameleon-200p-001,medium,1,,1
HEFT,anchor,full,dynamic,,100.04246153846154,32.68420769956742,13.856814042763244,0.2520789385421343,8.239000383997611,24.44520731556972,0.0234696277843303,20006.937369230687,401,0,0.1985406000021612,401,401,502,0,0.0,0,0,True,100,0.55,0.25,0.2,0.0,seismology/chameleon-cloud,seismology/chameleon-cloud,seismology-chameleon-200p-001,medium,2,,1
HEFT,anchor,full,dynamic,,100.08733333333332,32.680928770961664,13.855124769032065,0.2520972450854606,8.238772109993603,24.442156660967967,0.023556820873232,19888.49982532044,401,0,0.1949501000053715,401,401,500,0,0.0,0,0,True,100,0.55,0.25,0.2,0.0,seismology/chameleon-cloud,seismology/chameleon-cloud,seismology-chameleon-200p-001,medium,3,,1
HEFT,anchor,full,dynamic,,100.08092307692309,32.481650237035375,13.80163713152205,0.2501886738632786,8.12654099769473,24.35510923934055,0.0232301065310992,20155.65287788453,401,0,0.1985318999941228,401,401,500,0,0.0,0,0,True,100,0.5,0.3,0.2,0.0,seismology/chameleon-cloud,seismology/chameleon-cloud,seismology-chameleon-200p-001,medium,1,,1
HEFT,anchor,full,dynamic,,100.04246153846154,32.68420769956742,13.856814042763244,0.2520789385421343,8.239000383997611,24.44520731556972,0.0234696277843303,20006.937369230687,401,0,0.1982613999934983,401,401,502,0,0.0,0,0,True,100,0.5,0.3,0.2,0.0,seismology/chameleon-cloud,seismology/chameleon-cloud,seismology-chameleon-200p-001,medium,2,,1
HEFT,anchor,full,dynamic,,100.08733333333332,32.680928770961664,13.855124769032065,0.2520972450854606,8.238772109993603,24.442156660967967,0.023556820873232,19888.49982532044,401,0,0.1998957000032533,401,401,500,0,0.0,0,0,True,100,0.5,0.3,0.2,0.0,seismology/chameleon-cloud,seismology/chameleon-cloud,seismology-chameleon-200p-001,medium,3,,1
HEFT,anchor,full,dynamic,,100.08092307692309,32.481650237035375,13.80163713152205,0.2501886738632786,8.12654099769473,24.35510923934055,0.0232301065310992,20155.65287788453,401,0,0.20227370000066,401,401,500,0,0.0,0,0,True,100,0.6,0.2,0.1,0.1,seismology/chameleon-cloud,seismology/chameleon-cloud,seismology-chameleon-200p-001,medium,1,,1
HEFT,anchor,full,dynamic,,100.04246153846154,32.68420769956742,13.856814042763244,0.2520789385421343,8.239000383997611,24.44520731556972,0.0234696277843303,20006.937369230687,401,0,0.1993843000018387,401,401,502,0,0.0,0,0,True,100,0.6,0.2,0.1,0.1,seismology/chameleon-cloud,seismology/chameleon-cloud,seismology-chameleon-200p-001,medium,2,,1
HEFT,anchor,full,dynamic,,100.08733333333332,32.680928770961664,13.855124769032065,0.2520972450854606,8.238772109993603,24.442156660967967,0.023556820873232,19888.49982532044,401,0,0.1965243000013288,401,401,500,0,0.0,0,0,True,100,0.6,0.2,0.1,0.1,seismology/chameleon-cloud,seismology/chameleon-cloud,seismology-chameleon-200p-001,medium,3,,1
HEFT,anchor,full,dynamic,,100.08092307692309,32.481650237035375,13.80163713152205,0.2501886738632786,8.12654099769473,24.35510923934055,0.0232301065310992,20155.65287788453,401,0,0.2033523999998578,401,401,500,0,0.0,0,0,True,100,0.5,0.3,0.1,0.1,seismology/chameleon-cloud,seismology/chameleon-cloud,seismology-chameleon-200p-001,medium,1,,1
HEFT,anchor,full,dynamic,,100.04246153846154,32.68420769956742,13.856814042763244,0.2520789385421343,8.239000383997611,24.44520731556972,0.0234696277843303,20006.937369230687,401,0,0.2025063999972189,401,401,502,0,0.0,0,0,True,100,0.5,0.3,0.1,0.1,seismology/chameleon-cloud,seismology/chameleon-cloud,seismology-chameleon-200p-001,medium,2,,1
HEFT,anchor,full,dynamic,,100.08733333333332,32.680928770961664,13.855124769032065,0.2520972450854606,8.238772109993603,24.442156660967967,0.023556820873232,19888.49982532044,401,0,0.2029469000044628,401,401,500,0,0.0,0,0,True,100,0.5,0.3,0.1,0.1,seismology/chameleon-cloud,seismology/chameleon-cloud,seismology-chameleon-200p-001,medium,3,,1
HEFT,anchor,full,dynamic,,100.08092307692309,32.481650237035375,13.80163713152205,0.2501886738632786,8.12654099769473,24.35510923934055,0.0232301065310992,20155.65287788453,401,0,0.2000511000005644,401,401,500,0,0.0,0,0,True,100,0.45,0.25,0.2,0.1,seismology/chameleon-cloud,seismology/chameleon-cloud,seismology-chameleon-200p-001,medium,1,,1
HEFT,anchor,full,dynamic,,100.04246153846154,32.68420769956742,13.856814042763244,0.2520789385421343,8.239000383997611,24.44520731556972,0.0234696277843303,20006.937369230687,401,0,0.2027717000019038,401,401,502,0,0.0,0,0,True,100,0.45,0.25,0.2,0.1,seismology/chameleon-cloud,seismology/chameleon-cloud,seismology-chameleon-200p-001,medium,2,,1
HEFT,anchor,full,dynamic,,100.08733333333332,32.680928770961664,13.855124769032065,0.2520972450854606,8.238772109993603,24.442156660967967,0.023556820873232,19888.49982532044,401,0,0.1980340000009164,401,401,500,0,0.0,0,0,True,100,0.45,0.25,0.2,0.1,seismology/chameleon-cloud,seismology/chameleon-cloud,seismology-chameleon-200p-001,medium,3,,1
HEFT,anchor,full,dynamic,,100.08092307692309,32.481650237035375,13.80163713152205,0.2501886738632786,8.12654099769473,24.35510923934055,0.0232301065310992,20155.65287788453,401,0,0.2020918000052916,401,401,500,0,0.0,0,0,True,100,0.5,0.2,0.1,0.2,seismology/chameleon-cloud,seismology/chameleon-cloud,seismology-chameleon-200p-001,medium,1,,1
HEFT,anchor,full,dynamic,,100.04246153846154,32.68420769956742,13.856814042763244,0.2520789385421343,8.239000383997611,24.44520731556972,0.0234696277843303,20006.937369230687,401,0,0.1993681000021752,401,401,502,0,0.0,0,0,True,100,0.5,0.2,0.1,0.2,seismology/chameleon-cloud,seismology/chameleon-cloud,seismology-chameleon-200p-001,medium,2,,1
HEFT,anchor,full,dynamic,,100.08733333333332,32.680928770961664,13.855124769032065,0.2520972450854606,8.238772109993603,24.442156660967967,0.023556820873232,19888.49982532044,401,0,0.2033922000046004,401,401,500,0,0.0,0,0,True,100,0.5,0.2,0.1,0.2,seismology/chameleon-cloud,seismology/chameleon-cloud,seismology-chameleon-200p-001,medium,3,,1
HEFT,anchor,full,dynamic,,100.08092307692309,32.481650237035375,13.80163713152205,0.2501886738632786,8.12654099769473,24.35510923934055,0.0232301065310992,20155.65287788453,401,0,0.1995268999962718,401,401,500,0,0.0,0,0,True,100,0.4,0.3,0.1,0.2,seismology/chameleon-cloud,seismology/chameleon-cloud,seismology-chameleon-200p-001,medium,1,,1
HEFT,anchor,full,dynamic,,100.04246153846154,32.68420769956742,13.856814042763244,0.2520789385421343,8.239000383997611,24.44520731556972,0.0234696277843303,20006.937369230687,401,0,0.2170859000034397,401,401,502,0,0.0,0,0,True,100,0.4,0.3,0.1,0.2,seismology/chameleon-cloud,seismology/chameleon-cloud,seismology-chameleon-200p-001,medium,2,,1
HEFT,anchor,full,dynamic,,100.08733333333332,32.680928770961664,13.855124769032065,0.2520972450854606,8.238772109993603,24.442156660967967,0.023556820873232,19888.49982532044,401,0,0.2024603000027127,401,401,500,0,0.0,0,0,True,100,0.4,0.3,0.1,0.2,seismology/chameleon-cloud,seismology/chameleon-cloud,seismology-chameleon-200p-001,medium,3,,1
HEFT,anchor,full,dynamic,,100.08092307692309,32.481650237035375,13.80163713152205,0.2501886738632786,8.12654099769473,24.35510923934055,0.0232301065310992,20155.65287788453,401,0,0.2235041999956593,401,401,500,0,0.0,0,0,True,100,0.35,0.25,0.2,0.2,seismology/chameleon-cloud,seismology/chameleon-cloud,seismology-chameleon-200p-001,medium,1,,1
HEFT,anchor,full,dynamic,,100.04246153846154,32.68420769956742,13.856814042763244,0.2520789385421343,8.239000383997611,24.44520731556972,0.0234696277843303,20006.937369230687,401,0,0.2198913999964133,401,401,502,0,0.0,0,0,True,100,0.35,0.25,0.2,0.2,seismology/chameleon-cloud,seismology/chameleon-cloud,seismology-chameleon-200p-001,medium,2,,1
HEFT,anchor,full,dynamic,,100.08733333333332,32.680928770961664,13.855124769032065,0.2520972450854606,8.238772109993603,24.442156660967967,0.023556820873232,19888.49982532044,401,0,0.2048935000057099,401,401,500,0,0.0,0,0,True,100,0.35,0.25,0.2,0.2,seismology/chameleon-cloud,seismology/chameleon-cloud,seismology-chameleon-200p-001,medium,3,,1
HEFT,anchor,full,dynamic,,100.08092307692309,32.481650237035375,13.80163713152205,0.2501886738632786,8.12654099769473,24.35510923934055,0.0232301065310992,20155.65287788453,401,0,0.2056802000006428,401,401,500,0,0.0,0,0,True,100,0.5,0.3,0.2,0.2,seismology/chameleon-cloud,seismology/chameleon-cloud,seismology-chameleon-200p-001,medium,1,,1
HEFT,anchor,full,dynamic,,100.04246153846154,32.68420769956742,13.856814042763244,0.2520789385421343,8.239000383997611,24.44520731556972,0.0234696277843303,20006.937369230687,401,0,0.2034694999965722,401,401,502,0,0.0,0,0,True,100,0.5,0.3,0.2,0.2,seismology/chameleon-cloud,seismology/chameleon-cloud,seismology-chameleon-200p-001,medium,2,,1
HEFT,anchor,full,dynamic,,100.08733333333332,32.680928770961664,13.855124769032065,0.2520972450854606,8.238772109993603,24.442156660967967,0.023556820873232,19888.49982532044,401,0,0.2001030000028549,401,401,500,0,0.0,0,0,True,100,0.5,0.3,0.2,0.2,seismology/chameleon-cloud,seismology/chameleon-cloud,seismology-chameleon-200p-001,medium,3,,1
GREENHEFT,green_anchor,full,dynamic,,100.49619999999996,46.87105499999993,8.285105250000004,0.7464724231191322,34.98795000000006,11.883105000000034,0.0431848418149141,20258.91970000001,401,0,0.1998826999988523,401,401,500,0,0.0,0,0,True,100,0.7,0.2,0.1,0.0,seismology/chameleon-cloud,seismology/chameleon-cloud,seismology-chameleon-200p-001,medium,1,,1
GREENHEFT,green_anchor,full,dynamic,,100.1596,46.87105499999993,8.43461100000001,0.7400929742247123,34.68893850000002,12.182116500000047,0.0433299703672934,20115.30589999997,401,0,0.204701800001203,401,401,501,0,0.0,0,0,True,100,0.7,0.2,0.1,0.0,seismology/chameleon-cloud,seismology/chameleon-cloud,seismology-chameleon-200p-001,medium,2,,1
GREENHEFT,green_anchor,full,dynamic,,100.4825,46.87105499999993,8.400813749999998,0.7415351115949947,34.75653300000008,12.114522000000036,0.0431907297290569,19992.1168,401,0,0.2034305999986827,401,401,500,0,0.0,0,0,True,100,0.7,0.2,0.1,0.0,seismology/chameleon-cloud,seismology/chameleon-cloud,seismology-chameleon-200p-001,medium,3,,1
GREENHEFT,green_anchor,full,dynamic,,100.49619999999996,46.87105499999993,8.285105250000004,0.7464724231191322,34.98795000000006,11.883105000000034,0.0431848418149141,20258.91970000001,401,0,0.1981139999988954,401,401,500,0,0.0,0,0,True,100,0.55,0.25,0.2,0.0,seismology/chameleon-cloud,seismology/chameleon-cloud,seismology-chameleon-200p-001,medium,1,,1
GREENHEFT,green_anchor,full,dynamic,,100.1596,46.87105499999993,8.43461100000001,0.7400929742247123,34.68893850000002,12.182116500000047,0.0433299703672934,20115.30589999997,401,0,0.2034347000007983,401,401,501,0,0.0,0,0,True,100,0.55,0.25,0.2,0.0,seismology/chameleon-cloud,seismology/chameleon-cloud,seismology-chameleon-200p-001,medium,2,,1
GREENHEFT,green_anchor,full,dynamic,,100.4825,46.87105499999993,8.400813749999998,0.7415351115949947,34.75653300000008,12.114522000000036,0.0431907297290569,19992.1168,401,0,0.2023379000020213,401,401,500,0,0.0,0,0,True,100,0.55,0.25,0.2,0.0,seismology/chameleon-cloud,seismology/chameleon-cloud,seismology-chameleon-200p-001,medium,3,,1
GREENHEFT,green_anchor,full,dynamic,,100.49619999999996,46.87105499999993,8.285105250000004,0.7464724231191322,34.98795000000006,11.883105000000034,0.0431848418149141,20258.91970000001,401,0,0.2032039999976405,401,401,500,0,0.0,0,0,True,100,0.5,0.3,0.2,0.0,seismology/chameleon-cloud,seismology/chameleon-cloud,seismology-chameleon-200p-001,medium,1,,1
GREENHEFT,green_anchor,full,dynamic,,100.1596,46.87105499999993,8.43461100000001,0.7400929742247123,34.68893850000002,12.182116500000047,0.0433299703672934,20115.30589999997,401,0,0.2007502999986172,401,401,501,0,0.0,0,0,True,100,0.5,0.3,0.2,0.0,seismology/chameleon-cloud,seismology/chameleon-cloud,seismology-chameleon-200p-001,medium,2,,1
GREENHEFT,green_anchor,full,dynamic,,100.4825,46.87105499999993,8.400813749999998,0.7415351115949947,34.75653300000008,12.114522000000036,0.0431907297290569,19992.1168,401,0,0.2054644000018015,401,401,500,0,0.0,0,0,True,100,0.5,0.3,0.2,0.0,seismology/chameleon-cloud,seismology/chameleon-cloud,seismology-chameleon-200p-001,medium,3,,1
GREENHEFT,green_anchor,full,dynamic,,100.49619999999996,46.87105499999993,8.285105250000004,0.7464724231191322,34.98795000000006,11.883105000000034,0.0431848418149141,20258.91970000001,401,0,0.201574899998377,401,401,500,0,0.0,0,0,True,100,0.6,0.2,0.1,0.1,seismology/chameleon-cloud,seismology/chameleon-cloud,seismology-chameleon-200p-001,medium,1,,1
GREENHEFT,green_anchor,full,dynamic,,100.1596,46.87105499999993,8.43461100000001,0.7400929742247123,34.68893850000002,12.182116500000047,0.0433299703672934,20115.30589999997,401,0,0.2030279999962658,401,401,501,0,0.0,0,0,True,100,0.6,0.2,0.1,0.1,seismology/chameleon-cloud,seismology/chameleon-cloud,seismology-chameleon-200p-001,medium,2,,1
GREENHEFT,green_anchor,full,dynamic,,100.4825,46.87105499999993,8.400813749999998,0.7415351115949947,34.75653300000008,12.114522000000036,0.0431907297290569,19992.1168,401,0,0.2083757000000332,401,401,500,0,0.0,0,0,True,100,0.6,0.2,0.1,0.1,seismology/chameleon-cloud,seismology/chameleon-cloud,seismology-chameleon-200p-001,medium,3,,1
GREENHEFT,green_anchor,full,dynamic,,100.49619999999996,46.87105499999993,8.285105250000004,0.7464724231191322,34.98795000000006,11.883105000000034,0.0431848418149141,20258.91970000001,401,0,0.2018935999949462,401,401,500,0,0.0,0,0,True,100,0.5,0.3,0.1,0.1,seismology/chameleon-cloud,seismology/chameleon-cloud,seismology-chameleon-200p-001,medium,1,,1
GREENHEFT,green_anchor,full,dynamic,,100.1596,46.87105499999993,8.43461100000001,0.7400929742247123,34.68893850000002,12.182116500000047,0.0433299703672934,20115.30589999997,401,0,0.2071140999978524,401,401,501,0,0.0,0,0,True,100,0.5,0.3,0.1,0.1,seismology/chameleon-cloud,seismology/chameleon-cloud,seismology-chameleon-200p-001,medium,2,,1
GREENHEFT,green_anchor,full,dynamic,,100.4825,46.87105499999993,8.400813749999998,0.7415351115949947,34.75653300000008,12.114522000000036,0.0431907297290569,19992.1168,401,0,0.2011481000008643,401,401,500,0,0.0,0,0,True,100,0.5,0.3,0.1,0.1,seismology/chameleon-cloud,seismology/chameleon-cloud,seismology-chameleon-200p-001,medium,3,,1
GREENHEFT,green_anchor,full,dynamic,,100.49619999999996,46.87105499999993,8.285105250000004,0.7464724231191322,34.98795000000006,11.883105000000034,0.0431848418149141,20258.91970000001,401,0,0.1989455000002635,401,401,500,0,0.0,0,0,True,100,0.45,0.25,0.2,0.1,seismology/chameleon-cloud,seismology/chameleon-cloud,seismology-chameleon-200p-001,medium,1,,1
GREENHEFT,green_anchor,full,dynamic,,100.1596,46.87105499999993,8.43461100000001,0.7400929742247123,34.68893850000002,12.182116500000047,0.0433299703672934,20115.30589999997,401,0,0.2053699000025517,401,401,501,0,0.0,0,0,True,100,0.45,0.25,0.2,0.1,seismology/chameleon-cloud,seismology/chameleon-cloud,seismology-chameleon-200p-001,medium,2,,1
GREENHEFT,green_anchor,full,dynamic,,100.4825,46.87105499999993,8.400813749999998,0.7415351115949947,34.75653300000008,12.114522000000036,0.0431907297290569,19992.1168,401,0,0.2011870999995153,401,401,500,0,0.0,0,0,True,100,0.45,0.25,0.2,0.1,seismology/chameleon-cloud,seismology/chameleon-cloud,seismology-chameleon-200p-001,medium,3,,1
GREENHEFT,green_anchor,full,dynamic,,100.49619999999996,46.87105499999993,8.285105250000004,0.7464724231191322,34.98795000000006,11.883105000000034,0.0431848418149141,20258.91970000001,401,0,0.2009604999984731,401,401,500,0,0.0,0,0,True,100,0.5,0.2,0.1,0.2,seismology/chameleon-cloud,seismology/chameleon-cloud,seismology-chameleon-200p-001,medium,1,,1
GREENHEFT,green_anchor,full,dynamic,,100.1596,46.87105499999993,8.43461100000001,0.7400929742247123,34.68893850000002,12.182116500000047,0.0433299703672934,20115.30589999997,401,0,0.203574799998023,401,401,501,0,0.0,0,0,True,100,0.5,0.2,0.1,0.2,seismology/chameleon-cloud,seismology/chameleon-cloud,seismology-chameleon-200p-001,medium,2,,1
GREENHEFT,green_anchor,full,dynamic,,100.4825,46.87105499999993,8.400813749999998,0.7415351115949947,34.75653300000008,12.114522000000036,0.0431907297290569,19992.1168,401,0,0.2061781999946106,401,401,500,0,0.0,0,0,True,100,0.5,0.2,0.1,0.2,seismology/chameleon-cloud,seismology/chameleon-cloud,seismology-chameleon-200p-001,medium,3,,1
GREENHEFT,green_anchor,full,dynamic,,100.49619999999996,46.87105499999993,8.285105250000004,0.7464724231191322,34.98795000000006,11.883105000000034,0.0431848418149141,20258.91970000001,401,0,0.2032380000018747,401,401,500,0,0.0,0,0,True,100,0.4,0.3,0.1,0.2,seismology/chameleon-cloud,seismology/chameleon-cloud,seismology-chameleon-200p-001,medium,1,,1
GREENHEFT,green_anchor,full,dynamic,,100.1596,46.87105499999993,8.43461100000001,0.7400929742247123,34.68893850000002,12.182116500000047,0.0433299703672934,20115.30589999997,401,0,0.2065887999997357,401,401,501,0,0.0,0,0,True,100,0.4,0.3,0.1,0.2,seismology/chameleon-cloud,seismology/chameleon-cloud,seismology-chameleon-200p-001,medium,2,,1
GREENHEFT,green_anchor,full,dynamic,,100.4825,46.87105499999993,8.400813749999998,0.7415351115949947,34.75653300000008,12.114522000000036,0.0431907297290569,19992.1168,401,0,0.2017893000011099,401,401,500,0,0.0,0,0,True,100,0.4,0.3,0.1,0.2,seismology/chameleon-cloud,seismology/chameleon-cloud,seismology-chameleon-200p-001,medium,3,,1
GREENHEFT,green_anchor,full,dynamic,,100.49619999999996,46.87105499999993,8.285105250000004,0.7464724231191322,34.98795000000006,11.883105000000034,0.0431848418149141,20258.91970000001,401,0,0.2049833999990369,401,401,500,0,0.0,0,0,True,100,0.35,0.25,0.2,0.2,seismology/chameleon-cloud,seismology/chameleon-cloud,seismology-chameleon-200p-001,medium,1,,1
GREENHEFT,green_anchor,full,dynamic,,100.1596,46.87105499999993,8.43461100000001,0.7400929742247123,34.68893850000002,12.182116500000047,0.0433299703672934,20115.30589999997,401,0,0.2073943999930634,401,401,501,0,0.0,0,0,True,100,0.35,0.25,0.2,0.2,seismology/chameleon-cloud,seismology/chameleon-cloud,seismology-chameleon-200p-001,medium,2,,1
GREENHEFT,green_anchor,full,dynamic,,100.4825,46.87105499999993,8.400813749999998,0.7415351115949947,34.75653300000008,12.114522000000036,0.0431907297290569,19992.1168,401,0,0.2063332000034279,401,401,500,0,0.0,0,0,True,100,0.35,0.25,0.2,0.2,seismology/chameleon-cloud,seismology/chameleon-cloud,seismology-chameleon-200p-001,medium,3,,1
GREENHEFT,green_anchor,full,dynamic,,100.49619999999996,46.87105499999993,8.285105250000004,0.7464724231191322,34.98795000000006,11.883105000000034,0.0431848418149141,20258.91970000001,401,0,0.2015086999963387,401,401,500,0,0.0,0,0,True,100,0.5,0.3,0.2,0.2,seismology/chameleon-cloud,seismology/chameleon-cloud,seismology-chameleon-200p-001,medium,1,,1
GREENHEFT,green_anchor,full,dynamic,,100.1596,46.87105499999993,8.43461100000001,0.7400929742247123,34.68893850000002,12.182116500000047,0.0433299703672934,20115.30589999997,401,0,0.2009035000010044,401,401,501,0,0.0,0,0,True,100,0.5,0.3,0.2,0.2,seismology/chameleon-cloud,seismology/chameleon-cloud,seismology-chameleon-200p-001,medium,2,,1
GREENHEFT,green_anchor,full,dynamic,,100.4825,46.87105499999993,8.400813749999998,0.7415351115949947,34.75653300000008,12.114522000000036,0.0431907297290569,19992.1168,401,0,0.2059192000015173,401,401,500,0,0.0,0,0,True,100,0.5,0.3,0.2,0.2,seismology/chameleon-cloud,seismology/chameleon-cloud,seismology-chameleon-200p-001,medium,3,,1
MOHEFT,mo_baseline,full,dynamic,,100.054,30.804001547932803,13.912147572444324,0.1967311470364483,6.060106557837351,24.743894990095363,0.0209722639197907,20006.85710192304,401,0,0.2740525999979581,401,401,502,0,0.0,0,0,True,100,0.7,0.2,0.1,0.0,seismology/chameleon-cloud,seismology/chameleon-cloud,seismology-chameleon-200p-001,medium,2,,1
MOHEFT,mo_baseline,full,dynamic,,100.08733333333332,31.05990746988792,13.996241251932313,0.198758342052276,6.173415713012028,24.886491756875827,0.0219532725874529,20156.09598269227,401,0,0.2747263999990537,401,401,500,0,0.0,0,0,True,100,0.5,0.3,0.2,0.0,seismology/chameleon-cloud,seismology/chameleon-cloud,seismology-chameleon-200p-001,medium,1,,1
MOHEFT,mo_baseline,full,dynamic,,100.054,30.828888293814213,13.923353852997607,0.1967333158236939,6.065069417200332,24.76381887661381,0.0214207833378947,20007.04747948712,401,0,0.2726484000013442,401,401,502,0,0.0,0,0,True,100,0.5,0.3,0.2,0.0,seismology/chameleon-cloud,seismology/chameleon-cloud,seismology-chameleon-200p-001,medium,2,,1
MOHEFT,mo_baseline,full,dynamic,,100.09825,30.907741612980868,13.883996335942326,0.2015845473412879,6.230523102394237,24.677218510586563,0.0214617851902812,19888.84963365381,401,0,0.2648088999994797,401,401,500,0,0.0,0,0,True,100,0.5,0.3,0.2,0.0,seismology/chameleon-cloud,seismology/chameleon-cloud,seismology-chameleon-200p-001,medium,3,,1
MOHEFT,mo_baseline,full,dynamic,,100.08733333333332,30.851090394198824,13.900767990102578,0.1988475407198904,6.13466345341347,24.716426940785272,0.0210326166910383,20155.79071858969,401,0,0.2678631000017049,401,401,500,0,0.0,0,0,True,100,0.6,0.2,0.1,0.1,seismology/chameleon-cloud,seismology/chameleon-cloud,seismology-chameleon-200p-001,medium,1,,1
MOHEFT,mo_baseline,full,dynamic,,100.054,30.817257115480874,13.918405846188316,0.1967135203478883,6.062171134652254,24.755085980828536,0.0210118218854124,20006.896332692264,401,0,0.2711619000037899,401,401,502,0,0.0,0,0,True,100,0.6,0.2,0.1,0.1,seismology/chameleon-cloud,seismology/chameleon-cloud,seismology-chameleon-200p-001,medium,2,,1
MOHEFT,mo_baseline,full,dynamic,,100.09825,30.805243740945617,13.838356285296088,0.2015583968970515,6.20905554444793,24.59618819649761,0.0208789423686098,19888.6899358974,401,0,0.2722825000018929,401,401,500,0,0.0,0,0,True,100,0.6,0.2,0.1,0.1,seismology/chameleon-cloud,seismology/chameleon-cloud,seismology-chameleon-200p-001,medium,3,,1
MOHEFT,mo_baseline,full,dynamic,,100.054,30.760866023926383,13.891206378214356,0.1968260537652255,6.054539869890234,24.70632615403607,0.0209519507703017,20006.893756089696,401,0,0.2780798000021605,401,401,502,0,0.0,0,0,True,100,0.5,0.3,0.1,0.1,seismology/chameleon-cloud,seismology/chameleon-cloud,seismology-chameleon-200p-001,medium,2,,1
MOHEFT,mo_baseline,full,dynamic,,100.08733333333332,30.994216352339844,13.965037971096974,0.1988616835900259,6.163562045379815,24.83065430695996,0.0219473702902028,20156.24770288458,401,0,0.270024999997986,401,401,500,0,0.0,0,0,True,100,0.45,0.25,0.2,0.1,seismology/chameleon-cloud,seismology/chameleon-cloud,seismology-chameleon-200p-001,medium,1,,1
MOHEFT,mo_baseline,full,dynamic,,100.054,30.937305369054595,13.898103466140638,0.2015310932643526,6.234828973678698,24.702476395375832,0.0216869737296985,20007.139392948666,401,0,0.2741203999976278,401,401,502,0,0.0,0,0,True,100,0.45,0.25,0.2,0.1,seismology/chameleon-cloud,seismology/chameleon-cloud,seismology-chameleon-200p-001,medium,2,,1
MOHEFT,mo_baseline,full,dynamic,,100.09825,30.93742376442318,13.864054110281268,0.2037357075462488,6.303057920302891,24.63436584412021,0.0215074326493449,19888.82726442304,401,0,0.2595494000051985,401,401,500,0,0.0,0,0,True,100,0.45,0.25,0.2,0.1,seismology/chameleon-cloud,seismology/chameleon-cloud,seismology-chameleon-200p-001,medium,3,,1
MOHEFT,mo_baseline,full,dynamic,,100.08733333333332,30.849623448317413,13.839128988538077,0.2028007838265576,6.2563278160729245,24.59329563224441,0.0210216146808707,20155.912536217907,401,0,0.266697800005204,401,401,500,0,0.0,0,0,True,100,0.5,0.2,0.1,0.2,seismology/chameleon-cloud,seismology/chameleon-cloud,seismology-chameleon-200p-001,medium,1,,1
MOHEFT,mo_baseline,full,dynamic,,100.054,30.864567005080232,13.863390056755222,0.2016630782817474,6.224243592077735,24.64032341300242,0.0211491387599412,20006.931360897383,401,0,0.2731349000023328,401,401,502,0,0.0,0,0,True,100,0.5,0.2,0.1,0.2,seismology/chameleon-cloud,seismology/chameleon-cloud,seismology-chameleon-200p-001,medium,2,,1
MOHEFT,mo_baseline,full,dynamic,,100.09825,30.833383987500103,13.80427994222998,0.2045887180060228,6.308162501790078,24.52522148570995,0.0209706463399708,19888.711228846107,401,0,0.2688196999952197,401,401,500,0,0.0,0,0,True,100,0.5,0.2,0.1,0.2,seismology/chameleon-cloud,seismology/chameleon-cloud,seismology-chameleon-200p-001,medium,3,,1
MOHEFT,mo_baseline,full,dynamic,,100.08733333333332,30.628582440657148,13.797070732544489,0.1990721977240485,6.097299219633822,24.531283221023248,0.0206960304347021,20155.990243269185,401,0,0.2756252000035601,401,401,500,0,0.0,0,0,True,100,0.4,0.3,0.1,0.2,seismology/chameleon-cloud,seismology/chameleon-cloud,seismology-chameleon-200p-001,medium,1,,1
MOHEFT,mo_baseline,full,dynamic,,100.054,30.65059492304497,13.840643912931103,0.1968760020690557,6.03436658948719,24.616228333557704,0.0209186914867251,20007.125580448665,401,0,0.2739335000005667,401,401,502,0,0.0,0,0,True,100,0.4,0.3,0.1,0.2,seismology/chameleon-cloud,seismology/chameleon-cloud,seismology-chameleon-200p-001,medium,2,,1
MOHEFT,mo_baseline,full,dynamic,,100.10465384615384,30.695388049150747,13.789094275302494,0.20155269884695,6.186738303460751,24.50864974568992,0.0208188524944982,19888.792172756363,401,0,0.2708398999966448,401,401,500,0,0.0,0,0,True,100,0.4,0.3,0.1,0.2,seismology/chameleon-cloud,seismology/chameleon-cloud,seismology-chameleon-200p-001,medium,3,,1
MOHEFT,mo_baseline,full,dynamic,,100.0945,30.987728340817405,13.879698235270457,0.2041809788303857,6.327104704358181,24.66062363645916,0.0219130938090426,20156.31984230766,401,0,0.2673475999981747,401,401,500,0,0.0,0,0,True,100,0.35,0.25,0.2,0.2,seismology/chameleon-cloud,seismology/chameleon-cloud,seismology-chameleon-200p-001,medium,1,,1
MOHEFT,mo_baseline,full,dynamic,,100.054,31.022633491394338,13.830556146655862,0.2083570548262776,6.463784547221967,24.558848944172304,0.0217791803483808,20007.21349423071,401,0,0.2702783000058844,401,401,502,0,0.0,0,0,True,100,0.35,0.25,0.2,0.2,seismology/chameleon-cloud,seismology/chameleon-cloud,seismology-chameleon-200p-001,medium,2,,1
MOHEFT,mo_baseline,full,dynamic,,100.09825,31.005252749839848,13.806333982520847,0.2094196784064467,6.493110059782058,24.51214269005772,0.0215825671630186,19888.866161858936,401,0,0.2700803999978234,401,401,500,0,0.0,0,0,True,100,0.35,0.25,0.2,0.2,seismology/chameleon-cloud,seismology/chameleon-cloud,seismology-chameleon-200p-001,medium,3,,1
MOHEFT,mo_baseline,full,dynamic,,100.0945,30.935873401939205,13.879070493803304,0.2027199837885726,6.27131975452645,24.66455364741268,0.0215597110089937,20156.084238141,401,0,0.2722033000027295,401,401,500,0,0.0,0,0,True,100,0.5,0.3,0.2,0.2,seismology/chameleon-cloud,seismology/chameleon-cloud,seismology-chameleon-200p-001,medium,1,,1
MOHEFT,mo_baseline,full,dynamic,,100.054,30.888905204054595,13.87415870776564,0.2016736516809599,6.229478308928696,24.65942689512583,0.0213668028719617,20007.00484871789,401,0,0.2765912999966531,401,401,502,0,0.0,0,0,True,100,0.5,0.3,0.2,0.2,seismology/chameleon-cloud,seismology/chameleon-cloud,seismology-chameleon-200p-001,medium,2,,1
MOHEFT,mo_baseline,full,dynamic,,100.09825,30.907224721602663,13.82152980108896,0.2056117185812282,6.354887591584947,24.55233713001765,0.0213552200187673,19888.76935929483,401,0,0.267926599997736,401,401,500,0,0.0,0,0,True,100,0.5,0.3,0.2,0.2,seismology/chameleon-cloud,seismology/chameleon-cloud,seismology-chameleon-200p-001,medium,3,,1
ECDS,ecds,full,dynamic,,100.04246153846154,35.22289286942312,13.798097780077748,0.3165267156658882,11.148986596209934,24.07390627321317,0.0276854226288785,20009.50505032044,401,0,0.2105383000016445,401,401,502,1,0.0,0,0,True,100,0.7,0.2,0.1,0.0,seismology/chameleon-cloud,seismology/chameleon-cloud,seismology-chameleon-200p-001,medium,2,,1
ECDS,ecds,full,dynamic,,100.04246153846154,35.22289286942312,13.798097780077748,0.3165267156658882,11.148986596209934,24.07390627321317,0.0276854226288785,20009.50505032044,401,0,0.2136470999976154,401,401,502,1,0.0,0,0,True,100,0.55,0.25,0.2,0.0,seismology/chameleon-cloud,seismology/chameleon-cloud,seismology-chameleon-200p-001,medium,2,,1
ECDS,ecds,full,dynamic,,100.09825,35.27707131254815,14.032740056551704,0.3044271514364495,10.739298330699526,24.537772981848565,0.0277033711814039,19891.28543333325,401,0,0.2111406000040006,401,401,500,1,0.0,0,0,True,100,0.55,0.25,0.2,0.0,seismology/chameleon-cloud,seismology/chameleon-cloud,seismology-chameleon-200p-001,medium,3,,1
ECDS,ecds,full,dynamic,,100.04246153846154,35.22289286942312,13.798097780077748,0.3165267156658882,11.148986596209934,24.07390627321317,0.0276854226288785,20009.50505032044,401,0,0.2377679999990505,401,401,502,1,0.0,0,0,True,100,0.5,0.3,0.2,0.0,seismology/chameleon-cloud,seismology/chameleon-cloud,seismology-chameleon-200p-001,medium,2,,1
ECDS,ecds,full,dynamic,,100.09825,35.27707131254815,14.032740056551704,0.3044271514364495,10.739298330699526,24.537772981848565,0.0277033711814039,19891.28543333325,401,0,0.2071123999994597,401,401,500,1,0.0,0,0,True,100,0.5,0.3,0.2,0.0,seismology/chameleon-cloud,seismology/chameleon-cloud,seismology-chameleon-200p-001,medium,3,,1
ECDS,ecds,full,dynamic,,100.17706666666668,43.12204322977568,11.428804830475144,0.5699321286991499,24.57663789180282,18.545405337972767,0.0355553294210638,20164.894895512767,401,0,0.2089474000022164,401,401,500,1,0.0,0,0,True,100,0.6,0.2,0.1,0.1,seismology/chameleon-cloud,seismology/chameleon-cloud,seismology-chameleon-200p-001,medium,1,,1
ECDS,ecds,full,dynamic,,100.1104,42.08093110195526,11.600090409007988,0.5486771036076653,23.08884339413453,18.992087707820502,0.0347246295538441,20015.41097243585,401,0,0.2092689999990398,401,401,502,1,0.0,0,0,True,100,0.6,0.2,0.1,0.1,seismology/chameleon-cloud,seismology/chameleon-cloud,seismology-chameleon-200p-001,medium,2,,1
ECDS,ecds,full,dynamic,,100.1354,40.29533752459943,11.82762601077522,0.512953123742676,20.669619255508746,19.62571826909055,0.0325222101198051,20162.41159615377,401,0,0.2086568000013358,401,401,500,1,0.0,0,0,True,100,0.5,0.3,0.1,0.1,seismology/chameleon-cloud,seismology/chameleon-cloud,seismology-chameleon-200p-001,medium,1,,1
ECDS,ecds,full,dynamic,,100.1104,39.74472810488796,11.938872980254386,0.4992223094973831,19.841454954867714,19.90327315002003,0.0322514801031453,20013.43026858968,401,0,0.2066201000052387,401,401,502,1,0.0,0,0,True,100,0.5,0.3,0.1,0.1,seismology/chameleon-cloud,seismology/chameleon-cloud,seismology-chameleon-200p-001,medium,2,,1
ECDS,ecds,full,dynamic,,100.1354,39.49007783060907,12.051006758394218,0.4896691310619052,19.337072096881347,20.153005733727568,0.0319761310013164,19894.84054134608,401,0,0.2078619000021717,401,401,500,1,0.0,0,0,True,100,0.5,0.3,0.1,0.1,seismology/chameleon-cloud,seismology/chameleon-cloud,seismology-chameleon-200p-001,medium,3,,1
ECDS,ecds,full,dynamic,,100.1354,41.29653659310903,11.650983739891812,0.5357403936950952,22.12422277263613,19.172313820472763,0.0336040986081766,20163.278278846094,401,0,0.2101966000045649,401,401,500,1,0.0,0,0,True,100,0.45,0.25,0.2,0.1,seismology/chameleon-cloud,seismology/chameleon-cloud,seismology-chameleon-200p-001,medium,1,,1
ECDS,ecds,full,dynamic,,100.1104,40.579977053205255,11.791509408289244,0.518850858745963,21.05495594194702,19.525021111257992,0.0331542694813642,20014.15329743584,401,0,0.210215999999491,401,401,502,1,0.0,0,0,True,100,0.45,0.25,0.2,0.1,seismology/chameleon-cloud,seismology/chameleon-cloud,seismology-chameleon-200p-001,medium,2,,1
ECDS,ecds,full,dynamic,,100.1354,40.79958423084943,11.819969603496386,0.5205838208243729,21.23960344694144,19.55998078390785,0.0333911741674848,19895.97410865378,401,0,0.2094198999984655,401,401,500,1,0.0,0,0,True,100,0.45,0.25,0.2,0.1,seismology/chameleon-cloud,seismology/chameleon-cloud,seismology-chameleon-200p-001,medium,3,,1
ECDS,ecds,full,dynamic,,100.2604,48.9459824993911,11.034191937561683,0.6491277782523216,31.77219687420676,17.173785625184294,0.0424845840853494,20170.5597711538,401,0,0.2113461999979335,401,401,500,1,0.0,0,0,True,100,0.5,0.2,0.1,0.2,seismology/chameleon-cloud,seismology/chameleon-cloud,seismology-chameleon-200p-001,medium,1,,1
ECDS,ecds,full,dynamic,,100.1104,47.41149222897447,11.262637365803664,0.6248984228798073,29.627366720264387,17.784125508709938,0.0410786079507966,20020.499766987145,401,0,0.2089414000001852,401,401,502,1,0.0,0,0,True,100,0.5,0.2,0.1,0.2,seismology/chameleon-cloud,seismology/chameleon-cloud,seismology-chameleon-200p-001,medium,2,,1
ECDS,ecds,full,dynamic,,100.29475,49.80826919046482,11.193716073520426,0.6505278036979716,32.40166396247042,17.406605227994383,0.0437516266158062,19904.75288429482,401,0,0.2090768999987631,401,401,498,1,0.0,0,0,True,100,0.5,0.2,0.1,0.2,seismology/chameleon-cloud,seismology/chameleon-cloud,seismology-chameleon-200p-001,medium,3,,1
ECDS,ecds,full,dynamic,,100.17706666666668,45.69755707304494,11.159416503864572,0.6115968021648533,27.94847977262016,17.749077300424688,0.0386056974668135,20167.33951089739,401,0,0.2102194000035524,401,401,500,1,0.0,0,0,True,100,0.4,0.3,0.1,0.2,seismology/chameleon-cloud,seismology/chameleon-cloud,seismology-chameleon-200p-001,medium,1,,1
ECDS,ecds,full,dynamic,,100.1104,43.98862400243603,11.39209667952482,0.5820435083900756,25.60329304362976,18.385330958806097,0.0369841366605625,20017.22057371792,401,0,0.2147267999971518,401,401,502,1,0.0,0,0,True,100,0.4,0.3,0.1,0.2,seismology/chameleon-cloud,seismology/chameleon-cloud,seismology-chameleon-200p-001,medium,2,,1
ECDS,ecds,full,dynamic,,100.17706666666668,44.43902217902253,11.386280973657442,0.5875548373774787,26.110362449609752,18.32865972941266,0.037180526658361,19899.063755448668,401,0,0.212301400002616,401,401,500,1,0.0,0,0,True,100,0.4,0.3,0.1,0.2,seismology/chameleon-cloud,seismology/chameleon-cloud,seismology-chameleon-200p-001,medium,3,,1
ECDS,ecds,full,dynamic,,100.17706666666668,45.69755707304494,11.159416503864572,0.6115968021648533,27.94847977262016,17.749077300424688,0.0386056974668135,20167.33951089739,401,0,0.2078573000035248,401,401,500,1,0.0,0,0,True,100,0.35,0.25,0.2,0.2,seismology/chameleon-cloud,seismology/chameleon-cloud,seismology-chameleon-200p-001,medium,1,,1
ECDS,ecds,full,dynamic,,100.1104,43.98862400243603,11.39209667952482,0.5820435083900756,25.60329304362976,18.385330958806097,0.0369841366605625,20017.22057371792,401,0,0.2117396000030567,401,401,502,1,0.0,0,0,True,100,0.35,0.25,0.2,0.2,seismology/chameleon-cloud,seismology/chameleon-cloud,seismology-chameleon-200p-001,medium,2,,1
ECDS,ecds,full,dynamic,,100.17706666666668,44.43902217902253,11.386280973657442,0.5875548373774787,26.110362449609752,18.32865972941266,0.037180526658361,19899.063755448668,401,0,0.2059442000027047,401,401,500,1,0.0,0,0,True,100,0.35,0.25,0.2,0.2,seismology/chameleon-cloud,seismology/chameleon-cloud,seismology-chameleon-200p-001,medium,3,,1
ECDS,ecds,full,dynamic,,100.17706666666668,45.69755707304494,11.159416503864572,0.6115968021648533,27.94847977262016,17.749077300424688,0.0386056974668135,20167.33951089739,401,0,0.2115308999927947,401,401,500,1,0.0,0,0,True,100,0.5,0.3,0.2,0.2,seismology/chameleon-cloud,seismology/chameleon-cloud,seismology-chameleon-200p-001,medium,1,,1
ECDS,ecds,full,dynamic,,100.1104,43.97947434618603,11.40151046780607,0.5815076515895217,25.57440084519225,18.4050735009936,0.0369747095680726,20017.213023717915,401,0,0.2069558000002871,401,401,502,1,0.0,0,0,True,100,0.5,0.3,0.2,0.2,seismology/chameleon-cloud,seismology/chameleon-cloud,seismology-chameleon-200p-001,medium,2,,1
ECDS,ecds,full,dynamic,,100.17706666666668,44.43023608527253,11.395320704126192,0.5870465832206766,26.08261828554725,18.34761779972516,0.0371714801766646,19899.056505448665,401,0,0.208786000002874,401,401,500,1,0.0,0,0,True,100,0.5,0.3,0.2,0.2,seismology/chameleon-cloud,seismology/chameleon-cloud,seismology-chameleon-200p-001,medium,3,,1
