scheduler,scheduler_family,variant,scenario,run_tag,makespan,total_energy,total_carbon,green_ratio,green_energy,brown_energy,avg_utilization,flowtime_sum,n_tasks,unfinished_tasks,scheduler_wallclock_s,scheduler_calls,dispatch_count,event_count,recluster_count,decision_budget_ms,candidate_cap,frontier_cap,task_release_random,task_release_T,w1,w2,w3,w4,workflow,family,instance,instance_scale_tag,seed,trace_path,success,budget_tag,weight_tag,study_group
ECDS,ecds,full,dynamic,ecds_budget_ref,113.694089743587,1220.6275563008624,397.5156441767717,0.44867004742788336,547.6590235772893,672.9685327235212,0.8795074948222197,232734.1303413444,3472,0,1.3551175999455154,3472,3472,3472,1,0.0,0,0,True,100,0.5,0.3,0.2,0.0,montage/chameleon-cloud,montage/chameleon-cloud,montage-chameleon-2mass-05d-001,medium,1,,1,ecds_ref,w_50_30_20_00,budget
MOHEFT,mo_baseline,full,dynamic,moheft_budget_very_low,113.50494999999981,1134.2107997001685,390.88106715871146,0.41074352798962727,465.8697453527837,668.3410543473967,0.7907967011486013,231587.6434333328,3472,0,4.9936105001252145,3472,3472,3472,0,5.0,8,4,True,100,0.5,0.3,0.2,0.0,montage/chameleon-cloud,montage/chameleon-cloud,montage-chameleon-2mass-05d-001,medium,1,,1,very_low,w_50_30_20_00,budget
MOHEFT,mo_baseline,full,dynamic,moheft_budget_low,111.64892307692303,1177.958925827055,392.2498420810352,0.43401779386218414,511.25513424772663,666.7037915793451,0.8501652009773921,226310.08912532,3472,0,14.681929599959403,3472,3472,3472,0,20.0,16,6,True,100,0.5,0.3,0.2,0.0,montage/chameleon-cloud,montage/chameleon-cloud,montage-chameleon-2mass-05d-001,medium,1,,1,low,w_50_30_20_00,budget
MOHEFT,mo_baseline,full,dynamic,moheft_budget_medium,111.67226923076899,1176.0985612869963,391.2452040616469,0.43467276138234634,511.2180092924234,664.880551994585,0.8480510829996198,225999.32801955089,3472,0,42.786944000050426,3472,3472,3472,0,50.0,32,8,True,100,0.5,0.3,0.2,0.0,montage/chameleon-cloud,montage/chameleon-cloud,montage-chameleon-2mass-05d-001,medium,1,,1,medium,w_50_30_20_00,budget
MOHEFT,mo_baseline,full,dynamic,moheft_budget_high,111.42711538461543,1187.4509592393085,392.55946906597364,0.43881990492065365,521.0771170313324,666.3738422079957,0.8618983767847569,224966.74133076862,3472,0,30.734185899840668,3472,3472,3472,0,100.0,64,12,True,100,0.5,0.3,0.2,0.0,montage/chameleon-cloud,montage/chameleon-cloud,montage-chameleon-2mass-05d-001,medium,1,,1,high,w_50_30_20_00,budget
MOHEFT,mo_baseline,full,dynamic,moheft_budget_very_high,111.41855000000001,1187.907766356567,392.9485794879919,0.438419041247314,520.8013840162844,667.1063823403072,0.8624329705392839,224569.53519968057,3472,0,70.27377160009928,3472,3472,3472,0,200.0,128,20,True,100,0.5,0.3,0.2,0.0,montage/chameleon-cloud,montage/chameleon-cloud,montage-chameleon-2mass-05d-001,medium,1,,1,very_high,w_50_30_20_00,budget
ECDS,ecds,full,dynamic,ecds_budget_ref,115.85881570512565,1217.5821387239462,395.8781197661946,0.44973073737573543,547.5841130638453,669.9980256600629,0.8596089265144026,242418.39227499792,3472,0,0.4858699000906199,3472,3472,3472,1,0.0,0,0,True,100,0.5,0.3,0.2,0.0,montage/chameleon-cloud,montage/chameleon-cloud,montage-chameleon-2mass-05d-001,medium,2,,1,ecds_ref,w_50_30_20_00,budget
MOHEFT,mo_baseline,full,dynamic,moheft_budget_very_low,115.13219999999973,1139.207164608847,388.63262171913954,0.417713873661293,475.86263763145973,663.3445269773927,0.785986631299057,237282.3305320517,3472,0,1.1115049999207258,3472,3472,3472,0,5.0,8,4,True,100,0.5,0.3,0.2,0.0,montage/chameleon-cloud,montage/chameleon-cloud,montage-chameleon-2mass-05d-001,medium,2,,1,very_low,w_50_30_20_00,budget
MOHEFT,mo_baseline,full,dynamic,moheft_budget_low,113.93256250000005,1165.150152010568,388.4753750153311,0.43317542920117735,504.7144171809948,660.4357348295816,0.8201119054218838,235038.670741026,3472,0,3.1016605999320745,3472,3472,3472,0,20.0,16,6,True,100,0.5,0.3,0.2,0.0,montage/chameleon-cloud,montage/chameleon-cloud,montage-chameleon-2mass-05d-001,medium,2,,1,low,w_50_30_20_00,budget
MOHEFT,mo_baseline,full,dynamic,moheft_budget_medium,114.09465384615378,1167.5373943043996,388.64175392939,0.4342538648863998,507.00762587608205,660.5297684283303,0.8221348234899976,234027.1523387817,3472,0,8.874199699843302,3472,3472,3472,0,50.0,32,8,True,100,0.5,0.3,0.2,0.0,montage/chameleon-cloud,montage/chameleon-cloud,montage-chameleon-2mass-05d-001,medium,2,,1,medium,w_50_30_20_00,budget
MOHEFT,mo_baseline,full,dynamic,moheft_budget_high,113.4737499999998,1176.8404078207975,389.3650625323599,0.43828740083230244,515.7943235382041,661.0460842826187,0.8359571731121553,232770.57507596162,3472,0,26.103070500073954,3472,3472,3472,0,100.0,64,12,True,100,0.5,0.3,0.2,0.0,montage/chameleon-cloud,montage/chameleon-cloud,montage-chameleon-2mass-05d-001,medium,2,,1,high,w_50_30_20_00,budget
MOHEFT,mo_baseline,full,dynamic,moheft_budget_very_high,113.52469230769229,1177.3997937468898,389.3545435830815,0.43861965043496626,516.4306859554622,660.9691077914529,0.8361572346849606,232645.17353044788,3472,0,72.22848779987544,3472,3472,3472,0,200.0,128,20,True,100,0.5,0.3,0.2,0.0,montage/chameleon-cloud,montage/chameleon-cloud,montage-chameleon-2mass-05d-001,medium,2,,1,very_high,w_50_30_20_00,budget
ECDS,ecds,full,dynamic,ecds_budget_ref,115.50203846153576,1206.1252118760033,394.6756270879027,0.445547836656063,537.3864788876889,668.738732988266,0.8505005173762843,236358.04402531794,3472,0,0.4860032999422401,3472,3472,3472,1,0.0,0,0,True,100,0.5,0.3,0.2,0.0,montage/chameleon-cloud,montage/chameleon-cloud,montage-chameleon-2mass-05d-001,medium,3,,1,ecds_ref,w_50_30_20_00,budget
MOHEFT,mo_baseline,full,dynamic,moheft_budget_very_low,115.52954999999976,1128.153231164623,388.94913169272365,0.4104675482936118,463.0702908956591,665.0829402689781,0.7707668966455538,234854.50882852604,3472,0,1.1004192000254989,3472,3472,3472,0,5.0,8,4,True,100,0.5,0.3,0.2,0.0,montage/chameleon-cloud,montage/chameleon-cloud,montage-chameleon-2mass-05d-001,medium,3,,1,very_low,w_50_30_20_00,budget
MOHEFT,mo_baseline,full,dynamic,moheft_budget_low,114.22234615384616,1163.0873408220077,388.6990840840889,0.4316080909119683,501.9979067360645,661.0894340859538,0.8150358968669078,230487.75016634652,3472,0,3.019889999879524,3472,3472,3472,0,20.0,16,6,True,100,0.5,0.3,0.2,0.0,montage/chameleon-cloud,montage/chameleon-cloud,montage-chameleon-2mass-05d-001,medium,3,,1,low,w_50_30_20_00,budget
MOHEFT,mo_baseline,full,dynamic,moheft_budget_medium,114.31415384615366,1162.0576810981647,388.3281160255015,0.4316543191582148,501.60721715700214,660.4504639411768,0.8143492999750692,231040.84300737263,3472,0,8.701434900052845,3472,3472,3472,0,50.0,32,8,True,100,0.5,0.3,0.2,0.0,montage/chameleon-cloud,montage/chameleon-cloud,montage-chameleon-2mass-05d-001,medium,3,,1,medium,w_50_30_20_00,budget
MOHEFT,mo_baseline,full,dynamic,moheft_budget_high,113.34462499999998,1178.361936124291,390.21393526721056,0.4377010521052152,515.7702592023406,662.5916769219731,0.8375835242716033,228209.90255705218,3472,0,25.67540970002301,3472,3472,3472,0,100.0,64,12,True,100,0.5,0.3,0.2,0.0,montage/chameleon-cloud,montage/chameleon-cloud,montage-chameleon-2mass-05d-001,medium,3,,1,high,w_50_30_20_00,budget
MOHEFT,mo_baseline,full,dynamic,moheft_budget_very_high,113.50959999999995,1178.2863958512487,390.16129787617456,0.43774793759833674,515.7924396840615,662.4939561672076,0.8360623200084437,228273.59813685928,3472,0,70.59057600004598,3472,3472,3472,0,200.0,128,20,True,100,0.5,0.3,0.2,0.0,montage/chameleon-cloud,montage/chameleon-cloud,montage-chameleon-2mass-05d-001,medium,3,,1,very_high,w_50_30_20_00,budget
ECDS,ecds,full,dynamic,ecds_budget_ref,114.25062692307431,1216.201900380081,398.02575052730106,0.4454610613534246,541.7705893633629,674.431311016666,0.870892654600733,234651.61698044723,3472,0,0.49259190005250275,3472,3472,3472,1,0.0,0,0,True,100,0.5,0.3,0.2,0.0,montage/chameleon-cloud,montage/chameleon-cloud,montage-chameleon-2mass-05d-001,medium,4,,1,ecds_ref,w_50_30_20_00,budget
MOHEFT,mo_baseline,full,dynamic,moheft_budget_very_low,113.95988461538452,1137.9798871346272,390.0722761493565,0.4144478552577438,471.63332354939564,666.3465635852433,0.7925621143281131,233301.83183525677,3472,0,1.1113738999702036,3472,3472,3472,0,5.0,8,4,True,100,0.5,0.3,0.2,0.0,montage/chameleon-cloud,montage/chameleon-cloud,montage-chameleon-2mass-05d-001,medium,4,,1,very_low,w_50_30_20_00,budget
MOHEFT,mo_baseline,full,dynamic,moheft_budget_low,112.53392307692305,1165.4511164892792,390.70241334419785,0.4295258671661829,500.5914014498537,664.8597150394424,0.8305082347106422,230098.24873685976,3472,0,3.083028200082481,3472,3472,3472,0,20.0,16,6,True,100,0.5,0.3,0.2,0.0,montage/chameleon-cloud,montage/chameleon-cloud,montage-chameleon-2mass-05d-001,medium,4,,1,low,w_50_30_20_00,budget
MOHEFT,mo_baseline,full,dynamic,moheft_budget_medium,112.76054999999992,1167.0915804131637,390.7970459743124,0.43030611730408735,502.2066465058795,664.8849339073013,0.8312068657820335,229108.96018846086,3472,0,8.791536500211805,3472,3472,3472,0,50.0,32,8,True,100,0.5,0.3,0.2,0.0,montage/chameleon-cloud,montage/chameleon-cloud,montage-chameleon-2mass-05d-001,medium,4,,1,medium,w_50_30_20_00,budget
MOHEFT,mo_baseline,full,dynamic,moheft_budget_high,112.30457692307692,1179.4106514156856,392.10511606470385,0.43508296606610314,513.1414844278913,666.2691669878188,0.8470472265240901,228488.54958365436,3472,0,26.48006259999238,3472,3472,3472,0,100.0,64,12,True,100,0.5,0.3,0.2,0.0,montage/chameleon-cloud,montage/chameleon-cloud,montage-chameleon-2mass-05d-001,medium,4,,1,high,w_50_30_20_00,budget
MOHEFT,mo_baseline,full,dynamic,moheft_budget_very_high,112.20589999999997,1179.552351541151,392.4250408600807,0.4346203916302087,512.6575049751486,666.8948465660263,0.8482314312691761,228446.42243269243,3472,0,73.7480355000589,3472,3472,3472,0,200.0,128,20,True,100,0.5,0.3,0.2,0.0,montage/chameleon-cloud,montage/chameleon-cloud,montage-chameleon-2mass-05d-001,medium,4,,1,very_high,w_50_30_20_00,budget
ECDS,ecds,full,dynamic,ecds_budget_ref,111.18812820512603,1225.3722621041463,400.6428145087834,0.44608799807353766,546.6238592968809,678.7484028072137,0.9046715447133384,223762.14039038308,3472,0,0.4885937001090497,3472,3472,3472,1,0.0,0,0,True,100,0.5,0.3,0.2,0.0,montage/chameleon-cloud,montage/chameleon-cloud,montage-chameleon-2mass-05d-001,medium,5,,1,ecds_ref,w_50_30_20_00,budget
MOHEFT,mo_baseline,full,dynamic,moheft_budget_very_low,111.97576923076892,1133.1641480715607,393.30122986624156,0.4058353804511773,459.878103146256,673.286044925322,0.8008616307929363,224060.49925833408,3472,0,1.0944622000679374,3472,3472,3472,0,5.0,8,4,True,100,0.5,0.3,0.2,0.0,montage/chameleon-cloud,montage/chameleon-cloud,montage-chameleon-2mass-05d-001,medium,5,,1,very_low,w_50_30_20_00,budget
MOHEFT,mo_baseline,full,dynamic,moheft_budget_low,110.57811538461536,1159.3336577367945,394.0351573540069,0.4202385616523808,487.1967088025041,672.1369489343103,0.8391974103206723,220677.4221019229,3472,0,3.045836899895221,3472,3472,3472,0,20.0,16,6,True,100,0.5,0.3,0.2,0.0,montage/chameleon-cloud,montage/chameleon-cloud,montage-chameleon-2mass-05d-001,medium,5,,1,low,w_50_30_20_00,budget
MOHEFT,mo_baseline,full,dynamic,moheft_budget_medium,110.53726923076916,1167.1769905707374,395.5151433938062,0.4222704926690116,492.8644028402396,674.3125877305174,0.8496507316333783,219338.11326730798,3472,0,8.533071199897677,3472,3472,3472,0,50.0,32,8,True,100,0.5,0.3,0.2,0.0,montage/chameleon-cloud,montage/chameleon-cloud,montage-chameleon-2mass-05d-001,medium,5,,1,medium,w_50_30_20_00,budget
MOHEFT,mo_baseline,full,dynamic,moheft_budget_high,110.35399999999997,1179.9182697324288,398.2207852516158,0.4250027642306238,501.468526202497,678.4497435299597,0.8640637920976263,218370.99896442442,3472,0,26.374392699915916,3472,3472,3472,0,100.0,64,12,True,100,0.5,0.3,0.2,0.0,montage/chameleon-cloud,montage/chameleon-cloud,montage-chameleon-2mass-05d-001,medium,5,,1,high,w_50_30_20_00,budget
MOHEFT,mo_baseline,full,dynamic,moheft_budget_very_high,110.48218749999998,1178.7502172383927,397.99984380633737,0.42470876698753984,500.62555134961246,678.124665888805,0.8619606496928487,218499.0112509619,3472,0,73.8880648999475,3472,3472,3472,0,200.0,128,20,True,100,0.5,0.3,0.2,0.0,montage/chameleon-cloud,montage/chameleon-cloud,montage-chameleon-2mass-05d-001,medium,5,,1,very_high,w_50_30_20_00,budget
ECDS,ecds,full,dynamic,ecds_budget_ref,100.02646153846153,51.728174134198746,22.35289865708013,0.23575535842073717,12.19519423345833,39.53297990074034,0.03431759171355169,5063.5783253205145,81,0,0.01632430008612573,81,81,81,1,0.0,0,0,True,100,0.5,0.3,0.2,0.0,epigenomics/chameleon-cloud,epigenomics/chameleon-cloud,epigenomics-chameleon-hep-1seq-100k-001,medium,1,,1,ecds_ref,w_50_30_20_00,budget
MOHEFT,mo_baseline,full,dynamic,moheft_budget_very_low,100.02646153846153,49.97492372169871,21.80669049974119,0.22729469598878468,11.359035094386211,38.615888627312465,0.030885937282108884,5061.140262500003,81,0,0.037464499939233065,81,81,81,0,5.0,8,4,True,100,0.5,0.3,0.2,0.0,epigenomics/chameleon-cloud,epigenomics/chameleon-cloud,epigenomics-chameleon-hep-1seq-100k-001,medium,1,,1,very_low,w_50_30_20_00,budget
MOHEFT,mo_baseline,full,dynamic,moheft_budget_low,100.02646153846153,49.967272842964746,21.80360513302204,0.22728456477720588,11.356789861217141,38.61048298174756,0.030835768666470798,5061.108129807695,81,0,0.06366490013897419,81,81,81,0,20.0,16,6,True,100,0.5,0.3,0.2,0.0,epigenomics/chameleon-cloud,epigenomics/chameleon-cloud,epigenomics-chameleon-hep-1seq-100k-001,medium,1,,1,low,w_50_30_20_00,budget
MOHEFT,mo_baseline,full,dynamic,moheft_budget_medium,100.02646153846153,49.89688185291668,21.7965641783742,0.22633561982390252,11.29344168145993,38.60344017145669,0.03078212540937883,5061.315245512823,81,0,0.04699219996109605,81,81,81,0,50.0,32,8,True,100,0.5,0.3,0.2,0.0,epigenomics/chameleon-cloud,epigenomics/chameleon-cloud,epigenomics-chameleon-hep-1seq-100k-001,medium,1,,1,medium,w_50_30_20_00,budget
MOHEFT,mo_baseline,full,dynamic,moheft_budget_high,100.02646153846153,49.89682989541667,21.7965420964367,0.2263355951822162,11.29342869208493,38.603401203331686,0.030782344101509544,5061.315770512823,81,0,0.04939220007508993,81,81,81,0,100.0,64,12,True,100,0.5,0.3,0.2,0.0,epigenomics/chameleon-cloud,epigenomics/chameleon-cloud,epigenomics-chameleon-hep-1seq-100k-001,medium,1,,1,high,w_50_30_20_00,budget
MOHEFT,mo_baseline,full,dynamic,moheft_budget_very_high,100.02646153846153,49.920551978750005,21.806623981853367,0.2263468404301325,11.299359212918263,38.62119276583169,0.030823999745451965,5061.232437179489,81,0,0.04985710000619292,81,81,81,0,200.0,128,20,True,100,0.5,0.3,0.2,0.0,epigenomics/chameleon-cloud,epigenomics/chameleon-cloud,epigenomics-chameleon-hep-1seq-100k-001,medium,1,,1,very_high,w_50_30_20_00,budget
ECDS,ecds,full,dynamic,ecds_budget_ref,99.794875,49.917819473541705,21.213231375113384,0.2500737973397576,12.483138670669073,37.434680802872535,0.032402549062096914,5157.091623076925,81,0,0.01731560006737709,81,81,81,1,0.0,0,0,True,100,0.5,0.3,0.2,0.0,epigenomics/chameleon-cloud,epigenomics/chameleon-cloud,epigenomics-chameleon-hep-1seq-100k-001,medium,2,,1,ecds_ref,w_50_30_20_00,budget
MOHEFT,mo_baseline,full,dynamic,moheft_budget_very_low,98.57453846153845,49.80531447009615,21.377685936149042,0.2415500067172743,12.030474044807685,37.774840425288396,0.02972820401820094,5155.1167057692355,81,0,0.039834899827837944,81,81,81,0,5.0,8,4,True,100,0.5,0.3,0.2,0.0,epigenomics/chameleon-cloud,epigenomics/chameleon-cloud,epigenomics-chameleon-hep-1seq-100k-001,medium,2,,1,very_low,w_50_30_20_00,budget
MOHEFT,mo_baseline,full,dynamic,moheft_budget_low,98.57453846153845,49.771533143766035,21.363328872458737,0.24154427147139096,12.022028713225156,37.7495044305408,0.0296527091987138,5155.067609294875,81,0,0.05784989986568689,81,81,81,0,20.0,16,6,True,100,0.5,0.3,0.2,0.0,epigenomics/chameleon-cloud,epigenomics/chameleon-cloud,epigenomics-chameleon-hep-1seq-100k-001,medium,2,,1,low,w_50_30_20_00,budget
MOHEFT,mo_baseline,full,dynamic,moheft_budget_medium,98.59807692307692,49.76185041544873,21.35921371292388,0.24154262614427022,12.019608031145829,37.74224238430282,0.029641806121719138,5155.199673717952,81,0,0.04663070011883974,81,81,81,0,50.0,32,8,True,100,0.5,0.3,0.2,0.0,epigenomics/chameleon-cloud,epigenomics/chameleon-cloud,epigenomics-chameleon-hep-1seq-100k-001,medium,2,,1,medium,w_50_30_20_00,budget
MOHEFT,mo_baseline,full,dynamic,moheft_budget_high,98.59807692307692,49.741242475865384,21.35045533860096,0.24153912222999757,12.014456046249997,37.72678642961532,0.02963060745840719,5155.233902884618,81,0,0.048794100061059,81,81,81,0,100.0,64,12,True,100,0.5,0.3,0.2,0.0,epigenomics/chameleon-cloud,epigenomics/chameleon-cloud,epigenomics-chameleon-hep-1seq-100k-001,medium,2,,1,high,w_50_30_20_00,budget
MOHEFT,mo_baseline,full,dynamic,moheft_budget_very_high,98.59807692307692,49.741242475865384,21.35045533860096,0.24153912222999757,12.014456046249997,37.72678642961532,0.02963060745840719,5155.233902884618,81,0,0.048557200003415346,81,81,81,0,200.0,128,20,True,100,0.5,0.3,0.2,0.0,epigenomics/chameleon-cloud,epigenomics/chameleon-cloud,epigenomics-chameleon-hep-1seq-100k-001,medium,2,,1,very_high,w_50_30_20_00,budget
ECDS,ecds,full,dynamic,ecds_budget_ref,101.14673076923076,50.10748233669876,21.43224757350561,0.24454901447688038,12.253735423357373,37.85374691334129,0.03090407777416532,5405.108338782057,81,0,0.01211329991929233,81,81,81,1,0.0,0,0,True,100,0.5,0.3,0.2,0.0,epigenomics/chameleon-cloud,epigenomics/chameleon-cloud,epigenomics-chameleon-hep-1seq-100k-001,medium,3,,1,ecds_ref,w_50_30_20_00,budget
MOHEFT,mo_baseline,full,dynamic,moheft_budget_very_low,101.14673076923076,49.75204571958332,21.445811087606575,0.237892290561025,11.835628116328516,37.916417603254764,0.028725790438997815,5404.721854487187,81,0,0.03581949998624623,81,81,81,0,5.0,8,4,True,100,0.5,0.3,0.2,0.0,epigenomics/chameleon-cloud,epigenomics/chameleon-cloud,epigenomics-chameleon-hep-1seq-100k-001,medium,3,,1,very_low,w_50_30_20_00,budget
MOHEFT,mo_baseline,full,dynamic,moheft_budget_low,101.16653846153845,49.689402705641015,21.441861160714744,0.236964423270053,11.774620654775633,37.914782050865334,0.028588741320797417,5404.707041025647,81,0,0.051090699853375554,81,81,81,0,20.0,16,6,True,100,0.5,0.3,0.2,0.0,epigenomics/chameleon-cloud,epigenomics/chameleon-cloud,epigenomics-chameleon-hep-1seq-100k-001,medium,3,,1,low,w_50_30_20_00,budget
MOHEFT,mo_baseline,full,dynamic,moheft_budget_medium,101.15442307692307,49.667992492419884,21.432761820095756,0.2369588040681637,11.769268101470349,37.898724390949475,0.028675559676782498,5404.798015064108,81,0,0.04943079990334809,81,81,81,0,50.0,32,8,True,100,0.5,0.3,0.2,0.0,epigenomics/chameleon-cloud,epigenomics/chameleon-cloud,epigenomics-chameleon-hep-1seq-100k-001,medium,3,,1,medium,w_50_30_20_00,budget
MOHEFT,mo_baseline,full,dynamic,moheft_budget_high,101.15442307692307,49.679107291041674,21.437485609510016,0.2369617217990666,11.772046801125798,37.90706048991582,0.02869908695070803,5404.788483012826,81,0,0.0804691999219358,81,81,81,0,100.0,64,12,True,100,0.5,0.3,0.2,0.0,epigenomics/chameleon-cloud,epigenomics/chameleon-cloud,epigenomics-chameleon-hep-1seq-100k-001,medium,3,,1,high,w_50_30_20_00,budget
MOHEFT,mo_baseline,full,dynamic,moheft_budget_very_high,101.15826923076922,49.67619169193912,21.436246479891427,0.23696095655537683,11.771317901350157,37.904873790588894,0.028691139297457754,5404.794807371801,81,0,0.08574300003238022,81,81,81,0,200.0,128,20,True,100,0.5,0.3,0.2,0.0,epigenomics/chameleon-cloud,epigenomics/chameleon-cloud,epigenomics-chameleon-hep-1seq-100k-001,medium,3,,1,very_high,w_50_30_20_00,budget
ECDS,ecds,full,dynamic,ecds_budget_ref,99.12315384615384,49.804237041826944,22.61573166870833,0.19181495342594868,9.553197408592943,40.25103963323395,0.0337179029331034,4217.576260576922,81,0,0.015323700150474906,81,81,81,1,0.0,0,0,True,100,0.5,0.3,0.2,0.0,epigenomics/chameleon-cloud,epigenomics/chameleon-cloud,epigenomics-chameleon-hep-1seq-100k-001,medium,4,,1,ecds_ref,w_50_30_20_00,budget
MOHEFT,mo_baseline,full,dynamic,moheft_budget_very_low,99.12315384615384,49.70580052850963,22.590583048561296,0.19102829817199765,9.495214484237975,40.21058604427161,0.029289205890729485,4214.704176923076,81,0,0.039299100171774626,81,81,81,0,5.0,8,4,True,100,0.5,0.3,0.2,0.0,epigenomics/chameleon-cloud,epigenomics/chameleon-cloud,epigenomics-chameleon-hep-1seq-100k-001,medium,4,,1,very_low,w_50_30_20_00,budget
MOHEFT,mo_baseline,full,dynamic,moheft_budget_low,99.12315384615384,49.73318546222755,22.60337611878406,0.1910143434929838,9.499751770882202,40.23343369134532,0.029315361517387138,4214.785379487181,81,0,0.054018500028178096,81,81,81,0,20.0,16,6,True,100,0.5,0.3,0.2,0.0,epigenomics/chameleon-cloud,epigenomics/chameleon-cloud,epigenomics-chameleon-hep-1seq-100k-001,medium,4,,1,low,w_50_30_20_00,budget
MOHEFT,mo_baseline,full,dynamic,moheft_budget_medium,99.12315384615384,49.70577914298077,22.590409517954328,0.19103488940503013,9.495538021370184,40.21024112161054,0.029296018026526364,4214.825809615386,81,0,0.036470399936661124,81,81,81,0,50.0,32,8,True,100,0.5,0.3,0.2,0.0,epigenomics/chameleon-cloud,epigenomics/chameleon-cloud,epigenomics-chameleon-hep-1seq-100k-001,medium,4,,1,medium,w_50_30_20_00,budget
MOHEFT,mo_baseline,full,dynamic,moheft_budget_high,99.12315384615384,49.70577914298077,22.590409517954328,0.19103488940503013,9.495538021370184,40.21024112161054,0.029296018026526364,4214.825809615386,81,0,0.037297500064596534,81,81,81,0,100.0,64,12,True,100,0.5,0.3,0.2,0.0,epigenomics/chameleon-cloud,epigenomics/chameleon-cloud,epigenomics-chameleon-hep-1seq-100k-001,medium,4,,1,high,w_50_30_20_00,budget
MOHEFT,mo_baseline,full,dynamic,moheft_budget_very_high,99.12315384615384,49.70577914298077,22.590409517954328,0.19103488940503013,9.495538021370184,40.21024112161054,0.029296018026526364,4214.825809615386,81,0,0.036583200097084045,81,81,81,0,200.0,128,20,True,100,0.5,0.3,0.2,0.0,epigenomics/chameleon-cloud,epigenomics/chameleon-cloud,epigenomics-chameleon-hep-1seq-100k-001,medium,4,,1,very_high,w_50_30_20_00,budget
ECDS,ecds,full,dynamic,ecds_budget_ref,99.3063076923077,49.74254845317313,22.105787838199507,0.21119198651393595,10.505227622091345,39.2373208310817,0.03011175391420378,4523.763642948717,81,0,0.012076799990609288,81,81,81,1,0.0,0,0,True,100,0.5,0.3,0.2,0.0,epigenomics/chameleon-cloud,epigenomics/chameleon-cloud,epigenomics-chameleon-hep-1seq-100k-001,medium,5,,1,ecds_ref,w_50_30_20_00,budget
MOHEFT,mo_baseline,full,dynamic,moheft_budget_very_low,99.3063076923077,49.44144510857372,22.16767349421594,0.20327566495940397,10.050242630999193,39.39120247757451,0.028611114526900155,4522.704886217951,81,0,0.039538499899208546,81,81,81,0,5.0,8,4,True,100,0.5,0.3,0.2,0.0,epigenomics/chameleon-cloud,epigenomics/chameleon-cloud,epigenomics-chameleon-hep-1seq-100k-001,medium,5,,1,very_low,w_50_30_20_00,budget
MOHEFT,mo_baseline,full,dynamic,moheft_budget_low,99.3063076923077,49.40758288189102,22.17097730027964,0.20252734470822267,10.006386569520824,39.401196312370175,0.028564310282146968,4522.80498621795,81,0,0.062334900023415685,81,81,81,0,20.0,16,6,True,100,0.5,0.3,0.2,0.0,epigenomics/chameleon-cloud,epigenomics/chameleon-cloud,epigenomics-chameleon-hep-1seq-100k-001,medium,5,,1,low,w_50_30_20_00,budget
MOHEFT,mo_baseline,full,dynamic,moheft_budget_medium,99.3063076923077,49.393915639054484,22.164956995261612,0.20252278206766153,10.00339321243669,39.390522426617764,0.028589995671253858,4522.824418910257,81,0,0.053692599991336465,81,81,81,0,50.0,32,8,True,100,0.5,0.3,0.2,0.0,epigenomics/chameleon-cloud,epigenomics/chameleon-cloud,epigenomics-chameleon-hep-1seq-100k-001,medium,5,,1,medium,w_50_30_20_00,budget
MOHEFT,mo_baseline,full,dynamic,moheft_budget_high,99.3063076923077,49.399263460945505,22.167229819565296,0.2025279218144431,10.004730167909447,39.394533293036034,0.028600165578089635,4522.818859935898,81,0,0.07406829996034503,81,81,81,0,100.0,64,12,True,100,0.5,0.3,0.2,0.0,epigenomics/chameleon-cloud,epigenomics/chameleon-cloud,epigenomics-chameleon-hep-1seq-100k-001,medium,5,,1,high,w_50_30_20_00,budget
MOHEFT,mo_baseline,full,dynamic,moheft_budget_very_high,99.3063076923077,49.39942184314103,22.16729713199839,0.20252807401727635,10.004769763458324,39.39465207968267,0.02859890967044209,4522.817862179489,81,0,0.07457590010017157,81,81,81,0,200.0,128,20,True,100,0.5,0.3,0.2,0.0,epigenomics/chameleon-cloud,epigenomics/chameleon-cloud,epigenomics-chameleon-hep-1seq-100k-001,medium,5,,1,very_high,w_50_30_20_00,budget
ECDS,ecds,full,dynamic,ecds_budget_ref,100.08733333333333,35.25532490496801,13.8498476746194,0.3143117266993177,11.081162046225954,24.174162858742,0.027593619521002744,20158.278469230696,401,0,0.03683789982460439,401,401,401,1,0.0,0,0,True,100,0.5,0.3,0.2,0.0,seismology/chameleon-cloud,seismology/chameleon-cloud,seismology-chameleon-200p-001,medium,1,,1,ecds_ref,w_50_30_20_00,budget
MOHEFT,mo_baseline,full,dynamic,moheft_budget_very_low,100.08092307692307,31.331503878830247,13.815177853214353,0.21812864734214682,6.834298560284468,24.497205318545685,0.02168599469570244,20156.115333974274,401,0,0.12367360014468431,401,401,401,0,5.0,8,4,True,100,0.5,0.3,0.2,0.0,seismology/chameleon-cloud,seismology/chameleon-cloud,seismology-chameleon-200p-001,medium,1,,1,very_low,w_50_30_20_00,budget
MOHEFT,mo_baseline,full,dynamic,moheft_budget_low,100.09265384615384,30.857204371971257,13.76732846009816,0.2076749342462413,6.40826788897196,24.448936482999194,0.02074863736829968,20156.040986538388,401,0,0.28861030004918575,401,401,401,0,20.0,16,6,True,100,0.5,0.3,0.2,0.0,seismology/chameleon-cloud,seismology/chameleon-cloud,seismology-chameleon-200p-001,medium,1,,1,low,w_50_30_20_00,budget
MOHEFT,mo_baseline,full,dynamic,moheft_budget_medium,100.08556250000001,30.50480112108985,13.689474902783664,0.20247079805943527,6.176331427631418,24.32846969345833,0.020341164501379672,20155.984278205065,401,0,0.6259294000919908,401,401,401,0,50.0,32,8,True,100,0.5,0.3,0.2,0.0,seismology/chameleon-cloud,seismology/chameleon-cloud,seismology-chameleon-200p-001,medium,1,,1,medium,w_50_30_20_00,budget
MOHEFT,mo_baseline,full,dynamic,moheft_budget_high,100.0966923076923,30.481741327564205,13.73367757029969,0.19889153492155892,6.062560319721162,24.419181007842948,0.020165851733490312,20156.002514102507,401,0,0.8470465999562293,401,401,401,0,100.0,64,12,True,100,0.5,0.3,0.2,0.0,seismology/chameleon-cloud,seismology/chameleon-cloud,seismology-chameleon-200p-001,medium,1,,1,high,w_50_30_20_00,budget
MOHEFT,mo_baseline,full,dynamic,moheft_budget_very_high,100.0966923076923,30.47502960229177,13.730825087058905,0.1988802789529452,6.06088238840305,24.41414721388862,0.02016463255977341,20155.992167628145,401,0,0.8528775998856872,401,401,401,0,200.0,128,20,True,100,0.5,0.3,0.2,0.0,seismology/chameleon-cloud,seismology/chameleon-cloud,seismology-chameleon-200p-001,medium,1,,1,very_high,w_50_30_20_00,budget
ECDS,ecds,full,dynamic,ecds_budget_ref,100.04246153846154,35.22289286942317,13.798097780077732,0.31652671566588747,11.148986596209923,24.07390627321313,0.0276854226288785,20009.505050320444,401,0,0.03708060015924275,401,401,401,1,0.0,0,0,True,100,0.5,0.3,0.2,0.0,seismology/chameleon-cloud,seismology/chameleon-cloud,seismology-chameleon-200p-001,medium,2,,1,ecds_ref,w_50_30_20_00,budget
MOHEFT,mo_baseline,full,dynamic,moheft_budget_very_low,100.04246153846154,31.2941348667469,13.831270607465962,0.21604710171022595,6.761007138489596,24.533127728257213,0.02171250129111821,20007.541151602472,401,0,0.13135110004805028,401,401,401,0,5.0,8,4,True,100,0.5,0.3,0.2,0.0,seismology/chameleon-cloud,seismology/chameleon-cloud,seismology-chameleon-200p-001,medium,2,,1,very_low,w_50_30_20_00,budget
MOHEFT,mo_baseline,full,dynamic,moheft_budget_low,100.054,30.9172727085738,13.757642838905856,0.21003515940196757,6.4937143016194,24.423558406954292,0.020806078019151495,20007.28681858968,401,0,0.293030200060457,401,401,401,0,20.0,16,6,True,100,0.5,0.3,0.2,0.0,seismology/chameleon-cloud,seismology/chameleon-cloud,seismology-chameleon-200p-001,medium,2,,1,low,w_50_30_20_00,budget
MOHEFT,mo_baseline,full,dynamic,moheft_budget_medium,100.054,30.546165670240487,13.73255176504127,0.20086575753629102,6.135678707181902,24.41048696305848,0.02050191934816716,20007.169088461487,401,0,0.648902100045234,401,401,401,0,50.0,32,8,True,100,0.5,0.3,0.2,0.0,seismology/chameleon-cloud,seismology/chameleon-cloud,seismology-chameleon-200p-001,medium,2,,1,medium,w_50_30_20_00,budget
MOHEFT,mo_baseline,full,dynamic,moheft_budget_high,100.054,30.579027182323816,13.810762212229577,0.196716705218607,6.015405476096965,24.56362170622676,0.020421566905153093,20006.989450640976,401,0,0.9213070999830961,401,401,401,0,100.0,64,12,True,100,0.5,0.3,0.2,0.0,seismology/chameleon-cloud,seismology/chameleon-cloud,seismology-chameleon-200p-001,medium,2,,1,high,w_50_30_20_00,budget
MOHEFT,mo_baseline,full,dynamic,moheft_budget_very_high,100.054,30.58486644246805,13.813448196680298,0.1967135185851306,6.016456693354176,24.56840974911378,0.020458737938564297,20007.005968910213,401,0,0.9384934999980032,401,401,401,0,200.0,128,20,True,100,0.5,0.3,0.2,0.0,seismology/chameleon-cloud,seismology/chameleon-cloud,seismology-chameleon-200p-001,medium,2,,1,very_high,w_50_30_20_00,budget
ECDS,ecds,full,dynamic,ecds_budget_ref,100.09825,35.27707131254816,14.032740056551702,0.30442715143644944,10.739298330699524,24.53777298184855,0.027703371181403917,19891.285433333265,401,0,0.03793490002863109,401,401,401,1,0.0,0,0,True,100,0.5,0.3,0.2,0.0,seismology/chameleon-cloud,seismology/chameleon-cloud,seismology-chameleon-200p-001,medium,3,,1,ecds_ref,w_50_30_20_00,budget
MOHEFT,mo_baseline,full,dynamic,moheft_budget_very_low,100.08780769230769,31.22537521764436,13.855267237290471,0.21256360311331618,6.637378264827734,24.587996952816532,0.021611324075820955,19888.989628846077,401,0,0.1239647998008877,401,401,401,0,5.0,8,4,True,100,0.5,0.3,0.2,0.0,seismology/chameleon-cloud,seismology/chameleon-cloud,seismology-chameleon-200p-001,medium,3,,1,very_low,w_50_30_20_00,budget
MOHEFT,mo_baseline,full,dynamic,moheft_budget_low,100.08380769230769,30.823390695352664,13.786850921825327,0.20542931125977293,6.3320279212371915,24.49136277411537,0.020675217849476433,19888.935773076846,401,0,0.28663950017653406,401,401,401,0,20.0,16,6,True,100,0.5,0.3,0.2,0.0,seismology/chameleon-cloud,seismology/chameleon-cloud,seismology-chameleon-200p-001,medium,3,,1,low,w_50_30_20_00,budget
MOHEFT,mo_baseline,full,dynamic,moheft_budget_medium,100.08605,30.47721092975972,13.732918489961943,0.19880739929831495,6.05909504281171,24.418115886947913,0.020296934728050865,19888.957894230713,401,0,0.630804399959743,401,401,401,0,50.0,32,8,True,100,0.5,0.3,0.2,0.0,seismology/chameleon-cloud,seismology/chameleon-cloud,seismology-chameleon-200p-001,medium,3,,1,medium,w_50_30_20_00,budget
MOHEFT,mo_baseline,full,dynamic,moheft_budget_high,100.10465384615384,30.500132158413557,13.77442429691147,0.19676297628029873,6.001296780431903,24.498835377981568,0.020226620525211698,19888.829910576882,401,0,0.8492387998849154,401,401,401,0,100.0,64,12,True,100,0.5,0.3,0.2,0.0,seismology/chameleon-cloud,seismology/chameleon-cloud,seismology-chameleon-200p-001,medium,3,,1,high,w_50_30_20_00,budget
MOHEFT,mo_baseline,full,dynamic,moheft_budget_very_high,100.10465384615384,30.475124594551378,13.762720389725972,0.1967898853357513,5.997196274554501,24.477928319996796,0.020184625212101567,19888.846331089702,401,0,0.8497398998588324,401,401,401,0,200.0,128,20,True,100,0.5,0.3,0.2,0.0,seismology/chameleon-cloud,seismology/chameleon-cloud,seismology-chameleon-200p-001,medium,3,,1,very_high,w_50_30_20_00,budget
ECDS,ecds,full,dynamic,ecds_budget_ref,100.129,34.35403432516033,13.810818262539275,0.2959710972038886,10.167801232597752,24.186233092562492,0.026467615990116187,19240.446984294795,401,0,0.03659369982779026,401,401,401,1,0.0,0,0,True,100,0.5,0.3,0.2,0.0,seismology/chameleon-cloud,seismology/chameleon-cloud,seismology-chameleon-200p-001,medium,4,,1,ecds_ref,w_50_30_20_00,budget
MOHEFT,mo_baseline,full,dynamic,moheft_budget_very_low,100.1052,31.146674750625113,13.838410485689517,0.21140366690914106,6.584521254308505,24.562153496316522,0.021517779962146235,19239.13316249993,401,0,0.1243966999463737,401,401,401,0,5.0,8,4,True,100,0.5,0.3,0.2,0.0,seismology/chameleon-cloud,seismology/chameleon-cloud,seismology-chameleon-200p-001,medium,4,,1,very_low,w_50_30_20_00,budget
MOHEFT,mo_baseline,full,dynamic,moheft_budget_low,100.1193846153846,30.784424014022516,13.76510345165506,0.20570985863597838,6.332659512114589,24.45176450190782,0.02061373572345408,19239.039873397385,401,0,0.2874374999664724,401,401,401,0,20.0,16,6,True,100,0.5,0.3,0.2,0.0,seismology/chameleon-cloud,seismology/chameleon-cloud,seismology-chameleon-200p-001,medium,4,,1,low,w_50_30_20_00,budget
MOHEFT,mo_baseline,full,dynamic,moheft_budget_medium,100.10638461538461,30.439438344503305,13.689794142052492,0.20052255320114262,6.103793894848565,24.335644449654648,0.020153245544035095,19238.86639551277,401,0,0.622753500007093,401,401,401,0,50.0,32,8,True,100,0.5,0.3,0.2,0.0,seismology/chameleon-cloud,seismology/chameleon-cloud,seismology-chameleon-200p-001,medium,4,,1,medium,w_50_30_20_00,budget
MOHEFT,mo_baseline,full,dynamic,moheft_budget_high,100.10638461538461,30.432761336426367,13.705654177701529,0.19928290593225664,6.064729114665873,24.36803222176043,0.020083851820204432,19238.872544551225,401,0,0.8137263001408428,401,401,401,0,100.0,64,12,True,100,0.5,0.3,0.2,0.0,seismology/chameleon-cloud,seismology/chameleon-cloud,seismology-chameleon-200p-001,medium,4,,1,high,w_50_30_20_00,budget
MOHEFT,mo_baseline,full,dynamic,moheft_budget_very_high,100.10638461538461,30.448893456009703,13.713136856027655,0.19926862361422698,6.067509089555297,24.381384366454338,0.020118903072730916,19238.8318788461,401,0,0.8159394001122564,401,401,401,0,200.0,128,20,True,100,0.5,0.3,0.2,0.0,seismology/chameleon-cloud,seismology/chameleon-cloud,seismology-chameleon-200p-001,medium,4,,1,very_high,w_50_30_20_00,budget
ECDS,ecds,full,dynamic,ecds_budget_ref,100.36108333333334,37.29975328392637,13.874737217626215,0.3560413409701928,13.280254177066498,24.019499106859765,0.029884424854638464,20258.094827564015,401,0,0.03773739980533719,401,401,401,1,0.0,0,0,True,100,0.5,0.3,0.2,0.0,seismology/chameleon-cloud,seismology/chameleon-cloud,seismology-chameleon-200p-001,medium,5,,1,ecds_ref,w_50_30_20_00,budget
MOHEFT,mo_baseline,full,dynamic,moheft_budget_very_low,100.16665384615385,31.25598747777254,13.827401655846565,0.21521581804575146,6.726782913856581,24.529204563915872,0.02169236606519437,20254.65111794864,401,0,0.12286699982360005,401,401,401,0,5.0,8,4,True,100,0.5,0.3,0.2,0.0,seismology/chameleon-cloud,seismology/chameleon-cloud,seismology-chameleon-200p-001,medium,5,,1,very_low,w_50_30_20_00,budget
MOHEFT,mo_baseline,full,dynamic,moheft_budget_low,100.20511538461538,30.85571002171484,13.763705530858577,0.20786654909756722,6.413869962169085,24.44184005954565,0.02075866157672205,20254.457236858892,401,0,0.28715300001204014,401,401,401,0,20.0,16,6,True,100,0.5,0.3,0.2,0.0,seismology/chameleon-cloud,seismology/chameleon-cloud,seismology-chameleon-200p-001,medium,5,,1,low,w_50_30_20_00,budget
MOHEFT,mo_baseline,full,dynamic,moheft_budget_medium,100.21011538461538,30.54762957972766,13.729921974135825,0.2010810224537056,6.142548589428698,24.405080990298863,0.020418860854417274,20254.437665064037,401,0,0.6290725998114794,401,401,401,0,50.0,32,8,True,100,0.5,0.3,0.2,0.0,seismology/chameleon-cloud,seismology/chameleon-cloud,seismology-chameleon-200p-001,medium,5,,1,medium,w_50_30_20_00,budget
MOHEFT,mo_baseline,full,dynamic,moheft_budget_high,100.21011538461538,30.612479122804576,13.78088136429448,0.19965597304214847,6.111964306496003,24.500514816308502,0.020495667020922044,20254.278476602496,401,0,0.9148678001947701,401,401,401,0,100.0,64,12,True,100,0.5,0.3,0.2,0.0,seismology/chameleon-cloud,seismology/chameleon-cloud,seismology-chameleon-200p-001,medium,5,,1,high,w_50_30_20_00,budget
MOHEFT,mo_baseline,full,dynamic,moheft_budget_very_high,100.21011538461538,30.6112307796956,13.780335590942716,0.1996549148828583,6.111682675779657,24.499548103915878,0.02049526721993978,20254.260556089674,401,0,0.9229803001508117,401,401,401,0,200.0,128,20,True,100,0.5,0.3,0.2,0.0,seismology/chameleon-cloud,seismology/chameleon-cloud,seismology-chameleon-200p-001,medium,5,,1,very_high,w_50_30_20_00,budget
